ds4-bench: context buffers 228.59 MiB (ctx=2051, backend=cuda, prefill_chunk=2048, raw_kv_rows=2304, compressed_kv_rows=514)
ds4: CUDA backend initialized on NVIDIA GB10 (sm_121)
ds4: CUDA using unordered one-token F16 matmul on GB10/sm_121
ds4: CUDA host registration skipped: operation not supported
ds4: CUDA loading model tensors into device cache
ds4: CUDA loading model tensors 16.02 GiB cached
ds4: CUDA loading model tensors 32.06 GiB cached
ds4: CUDA loading model tensors 48.02 GiB cached
ds4: CUDA loading model tensors 64.06 GiB cached
ds4: CUDA loading model tensors 80.04 GiB cached
ds4: CUDA startup model cache prepared 80.76 GiB of tensor spans in 22.031s
ds4: cuda backend initialized for graph diagnostics
ds4: metal layer stage part=decode layer=0 pos=2048 tokens=1 attn_hc_pre=0.090 ms
ds4: metal layer stage part=decode layer=0 pos=2048 tokens=1 attn_norm=0.017 ms
ds4: metal layer stage part=decode layer=0 pos=2048 tokens=1 q_path=0.267 ms
ds4: metal layer stage part=decode layer=0 pos=2048 tokens=1 kv_path=0.022 ms
ds4: metal layer stage part=decode layer=0 pos=2048 tokens=1 compressor_indexer=0.002 ms
ds4: metal layer stage part=decode layer=0 pos=2048 tokens=1 attention=0.295 ms
ds4: metal layer stage part=decode layer=0 pos=2048 tokens=1 attn_output=0.885 ms
ds4: metal layer stage part=decode layer=0 pos=2048 tokens=1 attn_hc_post=0.004 ms
ds4: metal layer stage part=decode layer=0 pos=2048 tokens=1 ffn_hc_pre=0.109 ms
ds4: metal layer stage part=decode layer=0 pos=2048 tokens=1 ffn_norm=0.001 ms
ds4: metal layer stage part=decode layer=0 pos=2048 tokens=1 router=0.040 ms
ds4: metal layer stage part=decode layer=0 pos=2048 tokens=1 routed_moe=0.383 ms
ds4: metal layer stage part=decode layer=0 pos=2048 tokens=1 shared_gate_up=0.114 ms
ds4: metal layer stage part=decode layer=0 pos=2048 tokens=1 shared_down=0.054 ms
ds4: metal layer stage part=decode layer=0 pos=2048 tokens=1 ffn_hc_post=0.001 ms
ds4: metal layer stage part=decode layer=1 pos=2048 tokens=1 attn_hc_pre=0.075 ms
ds4: metal layer stage part=decode layer=1 pos=2048 tokens=1 attn_norm=0.001 ms
ds4: metal layer stage part=decode layer=1 pos=2048 tokens=1 q_path=0.240 ms
ds4: metal layer stage part=decode layer=1 pos=2048 tokens=1 kv_path=0.017 ms
ds4: metal layer stage part=decode layer=1 pos=2048 tokens=1 compressor_indexer=0.001 ms
ds4: metal layer stage part=decode layer=1 pos=2048 tokens=1 attention=0.073 ms
ds4: metal layer stage part=decode layer=1 pos=2048 tokens=1 attn_output=0.329 ms
ds4: metal layer stage part=decode layer=1 pos=2048 tokens=1 attn_hc_post=0.001 ms
ds4: metal layer stage part=decode layer=1 pos=2048 tokens=1 ffn_hc_pre=0.070 ms
ds4: metal layer stage part=decode layer=1 pos=2048 tokens=1 ffn_norm=0.001 ms
ds4: metal layer stage part=decode layer=1 pos=2048 tokens=1 router=0.030 ms
ds4: metal layer stage part=decode layer=1 pos=2048 tokens=1 routed_moe=0.358 ms
ds4: metal layer stage part=decode layer=1 pos=2048 tokens=1 shared_gate_up=0.093 ms
ds4: metal layer stage part=decode layer=1 pos=2048 tokens=1 shared_down=0.056 ms
ds4: metal layer stage part=decode layer=1 pos=2048 tokens=1 ffn_hc_post=0.001 ms
ds4: metal layer stage part=decode layer=2 pos=2048 tokens=1 attn_hc_pre=0.074 ms
ds4: metal layer stage part=decode layer=2 pos=2048 tokens=1 attn_norm=0.001 ms
ds4: metal layer stage part=decode layer=2 pos=2048 tokens=1 q_path=0.241 ms
ds4: metal layer stage part=decode layer=2 pos=2048 tokens=1 kv_path=0.019 ms
ds4: metal layer stage part=decode layer=2 pos=2048 tokens=1 compressor_indexer=0.210 ms
ds4: metal layer stage part=decode layer=2 pos=2048 tokens=1 attention=0.434 ms
ds4: metal layer stage part=decode layer=2 pos=2048 tokens=1 attn_output=0.339 ms
ds4: metal layer stage part=decode layer=2 pos=2048 tokens=1 attn_hc_post=0.001 ms
ds4: metal layer stage part=decode layer=2 pos=2048 tokens=1 ffn_hc_pre=0.070 ms
ds4: metal layer stage part=decode layer=2 pos=2048 tokens=1 ffn_norm=0.001 ms
ds4: metal layer stage part=decode layer=2 pos=2048 tokens=1 router=0.029 ms
ds4: metal layer stage part=decode layer=2 pos=2048 tokens=1 routed_moe=0.354 ms
ds4: metal layer stage part=decode layer=2 pos=2048 tokens=1 shared_gate_up=0.095 ms
ds4: metal layer stage part=decode layer=2 pos=2048 tokens=1 shared_down=0.054 ms
ds4: metal layer stage part=decode layer=2 pos=2048 tokens=1 ffn_hc_post=0.001 ms
ds4: metal layer stage part=decode layer=3 pos=2048 tokens=1 attn_hc_pre=0.075 ms
ds4: metal layer stage part=decode layer=3 pos=2048 tokens=1 attn_norm=0.001 ms
ds4: metal layer stage part=decode layer=3 pos=2048 tokens=1 q_path=0.235 ms
ds4: metal layer stage part=decode layer=3 pos=2048 tokens=1 kv_path=0.019 ms
ds4: metal layer stage part=decode layer=3 pos=2048 tokens=1 compressor_indexer=0.079 ms
ds4: metal layer stage part=decode layer=3 pos=2048 tokens=1 attention=0.093 ms
ds4: metal layer stage part=decode layer=3 pos=2048 tokens=1 attn_output=0.340 ms
ds4: metal layer stage part=decode layer=3 pos=2048 tokens=1 attn_hc_post=0.001 ms
ds4: metal layer stage part=decode layer=3 pos=2048 tokens=1 ffn_hc_pre=0.069 ms
ds4: metal layer stage part=decode layer=3 pos=2048 tokens=1 ffn_norm=0.001 ms
ds4: metal layer stage part=decode layer=3 pos=2048 tokens=1 router=0.030 ms
ds4: metal layer stage part=decode layer=3 pos=2048 tokens=1 routed_moe=0.359 ms
ds4: metal layer stage part=decode layer=3 pos=2048 tokens=1 shared_gate_up=0.094 ms
ds4: metal layer stage part=decode layer=3 pos=2048 tokens=1 shared_down=0.056 ms
ds4: metal layer stage part=decode layer=3 pos=2048 tokens=1 ffn_hc_post=0.001 ms
ds4: metal layer stage part=decode layer=4 pos=2048 tokens=1 attn_hc_pre=0.070 ms
ds4: metal layer stage part=decode layer=4 pos=2048 tokens=1 attn_norm=0.001 ms
ds4: metal layer stage part=decode layer=4 pos=2048 tokens=1 q_path=0.245 ms
ds4: metal layer stage part=decode layer=4 pos=2048 tokens=1 kv_path=0.019 ms
ds4: metal layer stage part=decode layer=4 pos=2048 tokens=1 compressor_indexer=0.191 ms
ds4: metal layer stage part=decode layer=4 pos=2048 tokens=1 attention=0.428 ms
ds4: metal layer stage part=decode layer=4 pos=2048 tokens=1 attn_output=0.336 ms
ds4: metal layer stage part=decode layer=4 pos=2048 tokens=1 attn_hc_post=0.001 ms
ds4: metal layer stage part=decode layer=4 pos=2048 tokens=1 ffn_hc_pre=0.068 ms
ds4: metal layer stage part=decode layer=4 pos=2048 tokens=1 ffn_norm=0.001 ms
ds4: metal layer stage part=decode layer=4 pos=2048 tokens=1 router=0.030 ms
ds4: metal layer stage part=decode layer=4 pos=2048 tokens=1 routed_moe=0.355 ms
ds4: metal layer stage part=decode layer=4 pos=2048 tokens=1 shared_gate_up=0.094 ms
ds4: metal layer stage part=decode layer=4 pos=2048 tokens=1 shared_down=0.056 ms
ds4: metal layer stage part=decode layer=4 pos=2048 tokens=1 ffn_hc_post=0.001 ms
ds4: metal layer stage part=decode layer=5 pos=2048 tokens=1 attn_hc_pre=0.073 ms
ds4: metal layer stage part=decode layer=5 pos=2048 tokens=1 attn_norm=0.001 ms
ds4: metal layer stage part=decode layer=5 pos=2048 tokens=1 q_path=0.234 ms
ds4: metal layer stage part=decode layer=5 pos=2048 tokens=1 kv_path=0.019 ms
ds4: metal layer stage part=decode layer=5 pos=2048 tokens=1 compressor_indexer=0.084 ms
ds4: metal layer stage part=decode layer=5 pos=2048 tokens=1 attention=0.093 ms
ds4: metal layer stage part=decode layer=5 pos=2048 tokens=1 attn_output=0.346 ms
ds4: metal layer stage part=decode layer=5 pos=2048 tokens=1 attn_hc_post=0.001 ms
ds4: metal layer stage part=decode layer=5 pos=2048 tokens=1 ffn_hc_pre=0.071 ms
ds4: metal layer stage part=decode layer=5 pos=2048 tokens=1 ffn_norm=0.001 ms
ds4: metal layer stage part=decode layer=5 pos=2048 tokens=1 router=0.027 ms
ds4: metal layer stage part=decode layer=5 pos=2048 tokens=1 routed_moe=0.354 ms
ds4: metal layer stage part=decode layer=5 pos=2048 tokens=1 shared_gate_up=0.093 ms
ds4: metal layer stage part=decode layer=5 pos=2048 tokens=1 shared_down=0.057 ms
ds4: metal layer stage part=decode layer=5 pos=2048 tokens=1 ffn_hc_post=0.001 ms
ds4: metal layer stage part=decode layer=6 pos=2048 tokens=1 attn_hc_pre=0.072 ms
ds4: metal layer stage part=decode layer=6 pos=2048 tokens=1 attn_norm=0.001 ms
ds4: metal layer stage part=decode layer=6 pos=2048 tokens=1 q_path=0.232 ms
ds4: metal layer stage part=decode layer=6 pos=2048 tokens=1 kv_path=0.024 ms
ds4: metal layer stage part=decode layer=6 pos=2048 tokens=1 compressor_indexer=0.191 ms
ds4: metal layer stage part=decode layer=6 pos=2048 tokens=1 attention=0.426 ms
ds4: metal layer stage part=decode layer=6 pos=2048 tokens=1 attn_output=0.341 ms
ds4: metal layer stage part=decode layer=6 pos=2048 tokens=1 attn_hc_post=0.001 ms
ds4: metal layer stage part=decode layer=6 pos=2048 tokens=1 ffn_hc_pre=0.067 ms
ds4: metal layer stage part=decode layer=6 pos=2048 tokens=1 ffn_norm=0.001 ms
ds4: metal layer stage part=decode layer=6 pos=2048 tokens=1 router=0.029 ms
ds4: metal layer stage part=decode layer=6 pos=2048 tokens=1 routed_moe=0.363 ms
ds4: metal layer stage part=decode layer=6 pos=2048 tokens=1 shared_gate_up=0.093 ms
ds4: metal layer stage part=decode layer=6 pos=2048 tokens=1 shared_down=0.054 ms
ds4: metal layer stage part=decode layer=6 pos=2048 tokens=1 ffn_hc_post=0.001 ms
ds4: metal layer stage part=decode layer=7 pos=2048 tokens=1 attn_hc_pre=0.074 ms
ds4: metal layer stage part=decode layer=7 pos=2048 tokens=1 attn_norm=0.001 ms
ds4: metal layer stage part=decode layer=7 pos=2048 tokens=1 q_path=0.231 ms
ds4: metal layer stage part=decode layer=7 pos=2048 tokens=1 kv_path=0.019 ms
ds4: metal layer stage part=decode layer=7 pos=2048 tokens=1 compressor_indexer=0.078 ms
ds4: metal layer stage part=decode layer=7 pos=2048 tokens=1 attention=0.092 ms
ds4: metal layer stage part=decode layer=7 pos=2048 tokens=1 attn_output=0.333 ms
ds4: metal layer stage part=decode layer=7 pos=2048 tokens=1 attn_hc_post=0.001 ms
ds4: metal layer stage part=decode layer=7 pos=2048 tokens=1 ffn_hc_pre=0.137 ms
ds4: metal layer stage part=decode layer=7 pos=2048 tokens=1 ffn_norm=0.001 ms
ds4: metal layer stage part=decode layer=7 pos=2048 tokens=1 router=0.031 ms
ds4: metal layer stage part=decode layer=7 pos=2048 tokens=1 routed_moe=0.344 ms
ds4: metal layer stage part=decode layer=7 pos=2048 tokens=1 shared_gate_up=0.094 ms
ds4: metal layer stage part=decode layer=7 pos=2048 tokens=1 shared_down=0.053 ms
ds4: metal layer stage part=decode layer=7 pos=2048 tokens=1 ffn_hc_post=0.001 ms
ds4: metal layer stage part=decode layer=8 pos=2048 tokens=1 attn_hc_pre=0.103 ms
ds4: metal layer stage part=decode layer=8 pos=2048 tokens=1 attn_norm=0.001 ms
ds4: metal layer stage part=decode layer=8 pos=2048 tokens=1 q_path=0.281 ms
ds4: metal layer stage part=decode layer=8 pos=2048 tokens=1 kv_path=0.018 ms
ds4: metal layer stage part=decode layer=8 pos=2048 tokens=1 compressor_indexer=0.187 ms
ds4: metal layer stage part=decode layer=8 pos=2048 tokens=1 attention=0.427 ms
ds4: metal layer stage part=decode layer=8 pos=2048 tokens=1 attn_output=0.333 ms
ds4: metal layer stage part=decode layer=8 pos=2048 tokens=1 attn_hc_post=0.001 ms
ds4: metal layer stage part=decode layer=8 pos=2048 tokens=1 ffn_hc_pre=0.070 ms
ds4: metal layer stage part=decode layer=8 pos=2048 tokens=1 ffn_norm=0.001 ms
ds4: metal layer stage part=decode layer=8 pos=2048 tokens=1 router=0.029 ms
ds4: metal layer stage part=decode layer=8 pos=2048 tokens=1 routed_moe=0.350 ms
ds4: metal layer stage part=decode layer=8 pos=2048 tokens=1 shared_gate_up=0.093 ms
ds4: metal layer stage part=decode layer=8 pos=2048 tokens=1 shared_down=0.056 ms
ds4: metal layer stage part=decode layer=8 pos=2048 tokens=1 ffn_hc_post=0.001 ms
ds4: metal layer stage part=decode layer=9 pos=2048 tokens=1 attn_hc_pre=0.075 ms
ds4: metal layer stage part=decode layer=9 pos=2048 tokens=1 attn_norm=0.001 ms
ds4: metal layer stage part=decode layer=9 pos=2048 tokens=1 q_path=0.238 ms
ds4: metal layer stage part=decode layer=9 pos=2048 tokens=1 kv_path=0.019 ms
ds4: metal layer stage part=decode layer=9 pos=2048 tokens=1 compressor_indexer=0.085 ms
ds4: metal layer stage part=decode layer=9 pos=2048 tokens=1 attention=0.094 ms
ds4: metal layer stage part=decode layer=9 pos=2048 tokens=1 attn_output=0.350 ms
ds4: metal layer stage part=decode layer=9 pos=2048 tokens=1 attn_hc_post=0.001 ms
ds4: metal layer stage part=decode layer=9 pos=2048 tokens=1 ffn_hc_pre=0.068 ms
ds4: metal layer stage part=decode layer=9 pos=2048 tokens=1 ffn_norm=0.001 ms
ds4: metal layer stage part=decode layer=9 pos=2048 tokens=1 router=0.029 ms
ds4: metal layer stage part=decode layer=9 pos=2048 tokens=1 routed_moe=0.355 ms
ds4: metal layer stage part=decode layer=9 pos=2048 tokens=1 shared_gate_up=0.095 ms
ds4: metal layer stage part=decode layer=9 pos=2048 tokens=1 shared_down=0.054 ms
ds4: metal layer stage part=decode layer=9 pos=2048 tokens=1 ffn_hc_post=0.001 ms
ds4: metal layer stage part=decode layer=10 pos=2048 tokens=1 attn_hc_pre=0.072 ms
ds4: metal layer stage part=decode layer=10 pos=2048 tokens=1 attn_norm=0.001 ms
ds4: metal layer stage part=decode layer=10 pos=2048 tokens=1 q_path=0.232 ms
ds4: metal layer stage part=decode layer=10 pos=2048 tokens=1 kv_path=0.019 ms
ds4: metal layer stage part=decode layer=10 pos=2048 tokens=1 compressor_indexer=0.189 ms
ds4: metal layer stage part=decode layer=10 pos=2048 tokens=1 attention=0.427 ms
ds4: metal layer stage part=decode layer=10 pos=2048 tokens=1 attn_output=0.336 ms
ds4: metal layer stage part=decode layer=10 pos=2048 tokens=1 attn_hc_post=0.001 ms
ds4: metal layer stage part=decode layer=10 pos=2048 tokens=1 ffn_hc_pre=0.067 ms
ds4: metal layer stage part=decode layer=10 pos=2048 tokens=1 ffn_norm=0.001 ms
ds4: metal layer stage part=decode layer=10 pos=2048 tokens=1 router=0.028 ms
ds4: metal layer stage part=decode layer=10 pos=2048 tokens=1 routed_moe=0.361 ms
ds4: metal layer stage part=decode layer=10 pos=2048 tokens=1 shared_gate_up=0.100 ms
ds4: metal layer stage part=decode layer=10 pos=2048 tokens=1 shared_down=0.053 ms
ds4: metal layer stage part=decode layer=10 pos=2048 tokens=1 ffn_hc_post=0.001 ms
ds4: metal layer stage part=decode layer=11 pos=2048 tokens=1 attn_hc_pre=0.075 ms
ds4: metal layer stage part=decode layer=11 pos=2048 tokens=1 attn_norm=0.001 ms
ds4: metal layer stage part=decode layer=11 pos=2048 tokens=1 q_path=0.231 ms
ds4: metal layer stage part=decode layer=11 pos=2048 tokens=1 kv_path=0.019 ms
ds4: metal layer stage part=decode layer=11 pos=2048 tokens=1 compressor_indexer=0.083 ms
ds4: metal layer stage part=decode layer=11 pos=2048 tokens=1 attention=0.093 ms
ds4: metal layer stage part=decode layer=11 pos=2048 tokens=1 attn_output=0.342 ms
ds4: metal layer stage part=decode layer=11 pos=2048 tokens=1 attn_hc_post=0.001 ms
ds4: metal layer stage part=decode layer=11 pos=2048 tokens=1 ffn_hc_pre=0.072 ms
ds4: metal layer stage part=decode layer=11 pos=2048 tokens=1 ffn_norm=0.001 ms
ds4: metal layer stage part=decode layer=11 pos=2048 tokens=1 router=0.029 ms
ds4: metal layer stage part=decode layer=11 pos=2048 tokens=1 routed_moe=0.356 ms
ds4: metal layer stage part=decode layer=11 pos=2048 tokens=1 shared_gate_up=0.096 ms
ds4: metal layer stage part=decode layer=11 pos=2048 tokens=1 shared_down=0.054 ms
ds4: metal layer stage part=decode layer=11 pos=2048 tokens=1 ffn_hc_post=0.001 ms
ds4: metal layer stage part=decode layer=12 pos=2048 tokens=1 attn_hc_pre=0.072 ms
ds4: metal layer stage part=decode layer=12 pos=2048 tokens=1 attn_norm=0.001 ms
ds4: metal layer stage part=decode layer=12 pos=2048 tokens=1 q_path=0.233 ms
ds4: metal layer stage part=decode layer=12 pos=2048 tokens=1 kv_path=0.019 ms
ds4: metal layer stage part=decode layer=12 pos=2048 tokens=1 compressor_indexer=0.186 ms
ds4: metal layer stage part=decode layer=12 pos=2048 tokens=1 attention=0.427 ms
ds4: metal layer stage part=decode layer=12 pos=2048 tokens=1 attn_output=0.331 ms
ds4: metal layer stage part=decode layer=12 pos=2048 tokens=1 attn_hc_post=0.001 ms
ds4: metal layer stage part=decode layer=12 pos=2048 tokens=1 ffn_hc_pre=0.069 ms
ds4: metal layer stage part=decode layer=12 pos=2048 tokens=1 ffn_norm=0.001 ms
ds4: metal layer stage part=decode layer=12 pos=2048 tokens=1 router=0.027 ms
ds4: metal layer stage part=decode layer=12 pos=2048 tokens=1 routed_moe=0.364 ms
ds4: metal layer stage part=decode layer=12 pos=2048 tokens=1 shared_gate_up=0.098 ms
ds4: metal layer stage part=decode layer=12 pos=2048 tokens=1 shared_down=0.054 ms
ds4: metal layer stage part=decode layer=12 pos=2048 tokens=1 ffn_hc_post=0.001 ms
ds4: metal layer stage part=decode layer=13 pos=2048 tokens=1 attn_hc_pre=0.074 ms
ds4: metal layer stage part=decode layer=13 pos=2048 tokens=1 attn_norm=0.002 ms
ds4: metal layer stage part=decode layer=13 pos=2048 tokens=1 q_path=0.236 ms
ds4: metal layer stage part=decode layer=13 pos=2048 tokens=1 kv_path=0.019 ms
ds4: metal layer stage part=decode layer=13 pos=2048 tokens=1 compressor_indexer=0.083 ms
ds4: metal layer stage part=decode layer=13 pos=2048 tokens=1 attention=0.096 ms
ds4: metal layer stage part=decode layer=13 pos=2048 tokens=1 attn_output=0.336 ms
ds4: metal layer stage part=decode layer=13 pos=2048 tokens=1 attn_hc_post=0.001 ms
ds4: metal layer stage part=decode layer=13 pos=2048 tokens=1 ffn_hc_pre=0.069 ms
ds4: metal layer stage part=decode layer=13 pos=2048 tokens=1 ffn_norm=0.001 ms
ds4: metal layer stage part=decode layer=13 pos=2048 tokens=1 router=0.029 ms
ds4: metal layer stage part=decode layer=13 pos=2048 tokens=1 routed_moe=0.355 ms
ds4: metal layer stage part=decode layer=13 pos=2048 tokens=1 shared_gate_up=0.099 ms
ds4: metal layer stage part=decode layer=13 pos=2048 tokens=1 shared_down=0.052 ms
ds4: metal layer stage part=decode layer=13 pos=2048 tokens=1 ffn_hc_post=0.001 ms
ds4: metal layer stage part=decode layer=14 pos=2048 tokens=1 attn_hc_pre=0.072 ms
ds4: metal layer stage part=decode layer=14 pos=2048 tokens=1 attn_norm=0.001 ms
ds4: metal layer stage part=decode layer=14 pos=2048 tokens=1 q_path=0.239 ms
ds4: metal layer stage part=decode layer=14 pos=2048 tokens=1 kv_path=0.020 ms
ds4: metal layer stage part=decode layer=14 pos=2048 tokens=1 compressor_indexer=0.189 ms
ds4: metal layer stage part=decode layer=14 pos=2048 tokens=1 attention=0.428 ms
ds4: metal layer stage part=decode layer=14 pos=2048 tokens=1 attn_output=0.337 ms
ds4: metal layer stage part=decode layer=14 pos=2048 tokens=1 attn_hc_post=0.001 ms
ds4: metal layer stage part=decode layer=14 pos=2048 tokens=1 ffn_hc_pre=0.071 ms
ds4: metal layer stage part=decode layer=14 pos=2048 tokens=1 ffn_norm=0.001 ms
ds4: metal layer stage part=decode layer=14 pos=2048 tokens=1 router=0.029 ms
ds4: metal layer stage part=decode layer=14 pos=2048 tokens=1 routed_moe=0.357 ms
ds4: metal layer stage part=decode layer=14 pos=2048 tokens=1 shared_gate_up=0.093 ms
ds4: metal layer stage part=decode layer=14 pos=2048 tokens=1 shared_down=0.056 ms
ds4: metal layer stage part=decode layer=14 pos=2048 tokens=1 ffn_hc_post=0.001 ms
ds4: metal layer stage part=decode layer=15 pos=2048 tokens=1 attn_hc_pre=0.074 ms
ds4: metal layer stage part=decode layer=15 pos=2048 tokens=1 attn_norm=0.001 ms
ds4: metal layer stage part=decode layer=15 pos=2048 tokens=1 q_path=0.235 ms
ds4: metal layer stage part=decode layer=15 pos=2048 tokens=1 kv_path=0.019 ms
ds4: metal layer stage part=decode layer=15 pos=2048 tokens=1 compressor_indexer=0.081 ms
ds4: metal layer stage part=decode layer=15 pos=2048 tokens=1 attention=0.093 ms
ds4: metal layer stage part=decode layer=15 pos=2048 tokens=1 attn_output=0.331 ms
ds4: metal layer stage part=decode layer=15 pos=2048 tokens=1 attn_hc_post=0.001 ms
ds4: metal layer stage part=decode layer=15 pos=2048 tokens=1 ffn_hc_pre=0.067 ms
ds4: metal layer stage part=decode layer=15 pos=2048 tokens=1 ffn_norm=0.001 ms
ds4: metal layer stage part=decode layer=15 pos=2048 tokens=1 router=0.031 ms
ds4: metal layer stage part=decode layer=15 pos=2048 tokens=1 routed_moe=0.358 ms
ds4: metal layer stage part=decode layer=15 pos=2048 tokens=1 shared_gate_up=0.094 ms
ds4: metal layer stage part=decode layer=15 pos=2048 tokens=1 shared_down=0.054 ms
ds4: metal layer stage part=decode layer=15 pos=2048 tokens=1 ffn_hc_post=0.001 ms
ds4: metal layer stage part=decode layer=16 pos=2048 tokens=1 attn_hc_pre=0.073 ms
ds4: metal layer stage part=decode layer=16 pos=2048 tokens=1 attn_norm=0.001 ms
ds4: metal layer stage part=decode layer=16 pos=2048 tokens=1 q_path=0.234 ms
ds4: metal layer stage part=decode layer=16 pos=2048 tokens=1 kv_path=0.019 ms
ds4: metal layer stage part=decode layer=16 pos=2048 tokens=1 compressor_indexer=0.189 ms
ds4: metal layer stage part=decode layer=16 pos=2048 tokens=1 attention=0.428 ms
ds4: metal layer stage part=decode layer=16 pos=2048 tokens=1 attn_output=0.329 ms
ds4: metal layer stage part=decode layer=16 pos=2048 tokens=1 attn_hc_post=0.001 ms
ds4: metal layer stage part=decode layer=16 pos=2048 tokens=1 ffn_hc_pre=0.067 ms
ds4: metal layer stage part=decode layer=16 pos=2048 tokens=1 ffn_norm=0.001 ms
ds4: metal layer stage part=decode layer=16 pos=2048 tokens=1 router=0.031 ms
ds4: metal layer stage part=decode layer=16 pos=2048 tokens=1 routed_moe=0.354 ms
ds4: metal layer stage part=decode layer=16 pos=2048 tokens=1 shared_gate_up=0.099 ms
ds4: metal layer stage part=decode layer=16 pos=2048 tokens=1 shared_down=0.053 ms
ds4: metal layer stage part=decode layer=16 pos=2048 tokens=1 ffn_hc_post=0.001 ms
ds4: metal layer stage part=decode layer=17 pos=2048 tokens=1 attn_hc_pre=0.075 ms
ds4: metal layer stage part=decode layer=17 pos=2048 tokens=1 attn_norm=0.001 ms
ds4: metal layer stage part=decode layer=17 pos=2048 tokens=1 q_path=0.233 ms
ds4: metal layer stage part=decode layer=17 pos=2048 tokens=1 kv_path=0.019 ms
ds4: metal layer stage part=decode layer=17 pos=2048 tokens=1 compressor_indexer=0.084 ms
ds4: metal layer stage part=decode layer=17 pos=2048 tokens=1 attention=0.093 ms
ds4: metal layer stage part=decode layer=17 pos=2048 tokens=1 attn_output=0.330 ms
ds4: metal layer stage part=decode layer=17 pos=2048 tokens=1 attn_hc_post=0.001 ms
ds4: metal layer stage part=decode layer=17 pos=2048 tokens=1 ffn_hc_pre=0.071 ms
ds4: metal layer stage part=decode layer=17 pos=2048 tokens=1 ffn_norm=0.001 ms
ds4: metal layer stage part=decode layer=17 pos=2048 tokens=1 router=0.029 ms
ds4: metal layer stage part=decode layer=17 pos=2048 tokens=1 routed_moe=0.355 ms
ds4: metal layer stage part=decode layer=17 pos=2048 tokens=1 shared_gate_up=0.095 ms
ds4: metal layer stage part=decode layer=17 pos=2048 tokens=1 shared_down=0.053 ms
ds4: metal layer stage part=decode layer=17 pos=2048 tokens=1 ffn_hc_post=0.001 ms
ds4: metal layer stage part=decode layer=18 pos=2048 tokens=1 attn_hc_pre=0.072 ms
ds4: metal layer stage part=decode layer=18 pos=2048 tokens=1 attn_norm=0.001 ms
ds4: metal layer stage part=decode layer=18 pos=2048 tokens=1 q_path=0.232 ms
ds4: metal layer stage part=decode layer=18 pos=2048 tokens=1 kv_path=0.017 ms
ds4: metal layer stage part=decode layer=18 pos=2048 tokens=1 compressor_indexer=0.183 ms
ds4: metal layer stage part=decode layer=18 pos=2048 tokens=1 attention=0.426 ms
ds4: metal layer stage part=decode layer=18 pos=2048 tokens=1 attn_output=0.335 ms
ds4: metal layer stage part=decode layer=18 pos=2048 tokens=1 attn_hc_post=0.001 ms
ds4: metal layer stage part=decode layer=18 pos=2048 tokens=1 ffn_hc_pre=0.069 ms
ds4: metal layer stage part=decode layer=18 pos=2048 tokens=1 ffn_norm=0.001 ms
ds4: metal layer stage part=decode layer=18 pos=2048 tokens=1 router=0.028 ms
ds4: metal layer stage part=decode layer=18 pos=2048 tokens=1 routed_moe=0.358 ms
ds4: metal layer stage part=decode layer=18 pos=2048 tokens=1 shared_gate_up=0.095 ms
ds4: metal layer stage part=decode layer=18 pos=2048 tokens=1 shared_down=0.057 ms
ds4: metal layer stage part=decode layer=18 pos=2048 tokens=1 ffn_hc_post=0.001 ms
ds4: metal layer stage part=decode layer=19 pos=2048 tokens=1 attn_hc_pre=0.074 ms
ds4: metal layer stage part=decode layer=19 pos=2048 tokens=1 attn_norm=0.001 ms
ds4: metal layer stage part=decode layer=19 pos=2048 tokens=1 q_path=0.237 ms
ds4: metal layer stage part=decode layer=19 pos=2048 tokens=1 kv_path=0.018 ms
ds4: metal layer stage part=decode layer=19 pos=2048 tokens=1 compressor_indexer=0.081 ms
ds4: metal layer stage part=decode layer=19 pos=2048 tokens=1 attention=0.094 ms
ds4: metal layer stage part=decode layer=19 pos=2048 tokens=1 attn_output=0.354 ms
ds4: metal layer stage part=decode layer=19 pos=2048 tokens=1 attn_hc_post=0.001 ms
ds4: metal layer stage part=decode layer=19 pos=2048 tokens=1 ffn_hc_pre=0.071 ms
ds4: metal layer stage part=decode layer=19 pos=2048 tokens=1 ffn_norm=0.001 ms
ds4: metal layer stage part=decode layer=19 pos=2048 tokens=1 router=0.027 ms
ds4: metal layer stage part=decode layer=19 pos=2048 tokens=1 routed_moe=0.353 ms
ds4: metal layer stage part=decode layer=19 pos=2048 tokens=1 shared_gate_up=0.094 ms
ds4: metal layer stage part=decode layer=19 pos=2048 tokens=1 shared_down=0.055 ms
ds4: metal layer stage part=decode layer=19 pos=2048 tokens=1 ffn_hc_post=0.001 ms
ds4: metal layer stage part=decode layer=20 pos=2048 tokens=1 attn_hc_pre=0.073 ms
ds4: metal layer stage part=decode layer=20 pos=2048 tokens=1 attn_norm=0.001 ms
ds4: metal layer stage part=decode layer=20 pos=2048 tokens=1 q_path=0.229 ms
ds4: metal layer stage part=decode layer=20 pos=2048 tokens=1 kv_path=0.019 ms
ds4: metal layer stage part=decode layer=20 pos=2048 tokens=1 compressor_indexer=0.187 ms
ds4: metal layer stage part=decode layer=20 pos=2048 tokens=1 attention=0.430 ms
ds4: metal layer stage part=decode layer=20 pos=2048 tokens=1 attn_output=0.341 ms
ds4: metal layer stage part=decode layer=20 pos=2048 tokens=1 attn_hc_post=0.001 ms
ds4: metal layer stage part=decode layer=20 pos=2048 tokens=1 ffn_hc_pre=0.068 ms
ds4: metal layer stage part=decode layer=20 pos=2048 tokens=1 ffn_norm=0.001 ms
ds4: metal layer stage part=decode layer=20 pos=2048 tokens=1 router=0.027 ms
ds4: metal layer stage part=decode layer=20 pos=2048 tokens=1 routed_moe=0.350 ms
ds4: metal layer stage part=decode layer=20 pos=2048 tokens=1 shared_gate_up=0.094 ms
ds4: metal layer stage part=decode layer=20 pos=2048 tokens=1 shared_down=0.055 ms
ds4: metal layer stage part=decode layer=20 pos=2048 tokens=1 ffn_hc_post=0.001 ms
ds4: metal layer stage part=decode layer=21 pos=2048 tokens=1 attn_hc_pre=0.074 ms
ds4: metal layer stage part=decode layer=21 pos=2048 tokens=1 attn_norm=0.001 ms
ds4: metal layer stage part=decode layer=21 pos=2048 tokens=1 q_path=0.232 ms
ds4: metal layer stage part=decode layer=21 pos=2048 tokens=1 kv_path=0.019 ms
ds4: metal layer stage part=decode layer=21 pos=2048 tokens=1 compressor_indexer=0.081 ms
ds4: metal layer stage part=decode layer=21 pos=2048 tokens=1 attention=0.092 ms
ds4: metal layer stage part=decode layer=21 pos=2048 tokens=1 attn_output=0.341 ms
ds4: metal layer stage part=decode layer=21 pos=2048 tokens=1 attn_hc_post=0.001 ms
ds4: metal layer stage part=decode layer=21 pos=2048 tokens=1 ffn_hc_pre=0.073 ms
ds4: metal layer stage part=decode layer=21 pos=2048 tokens=1 ffn_norm=0.001 ms
ds4: metal layer stage part=decode layer=21 pos=2048 tokens=1 router=0.030 ms
ds4: metal layer stage part=decode layer=21 pos=2048 tokens=1 routed_moe=0.352 ms
ds4: metal layer stage part=decode layer=21 pos=2048 tokens=1 shared_gate_up=0.100 ms
ds4: metal layer stage part=decode layer=21 pos=2048 tokens=1 shared_down=0.056 ms
ds4: metal layer stage part=decode layer=21 pos=2048 tokens=1 ffn_hc_post=0.001 ms
ds4: metal layer stage part=decode layer=22 pos=2048 tokens=1 attn_hc_pre=0.073 ms
ds4: metal layer stage part=decode layer=22 pos=2048 tokens=1 attn_norm=0.001 ms
ds4: metal layer stage part=decode layer=22 pos=2048 tokens=1 q_path=0.233 ms
ds4: metal layer stage part=decode layer=22 pos=2048 tokens=1 kv_path=0.020 ms
ds4: metal layer stage part=decode layer=22 pos=2048 tokens=1 compressor_indexer=0.189 ms
ds4: metal layer stage part=decode layer=22 pos=2048 tokens=1 attention=0.423 ms
ds4: metal layer stage part=decode layer=22 pos=2048 tokens=1 attn_output=0.341 ms
ds4: metal layer stage part=decode layer=22 pos=2048 tokens=1 attn_hc_post=0.001 ms
ds4: metal layer stage part=decode layer=22 pos=2048 tokens=1 ffn_hc_pre=0.073 ms
ds4: metal layer stage part=decode layer=22 pos=2048 tokens=1 ffn_norm=0.001 ms
ds4: metal layer stage part=decode layer=22 pos=2048 tokens=1 router=0.032 ms
ds4: metal layer stage part=decode layer=22 pos=2048 tokens=1 routed_moe=0.345 ms
ds4: metal layer stage part=decode layer=22 pos=2048 tokens=1 shared_gate_up=0.093 ms
ds4: metal layer stage part=decode layer=22 pos=2048 tokens=1 shared_down=0.053 ms
ds4: metal layer stage part=decode layer=22 pos=2048 tokens=1 ffn_hc_post=0.001 ms
ds4: metal layer stage part=decode layer=23 pos=2048 tokens=1 attn_hc_pre=0.074 ms
ds4: metal layer stage part=decode layer=23 pos=2048 tokens=1 attn_norm=0.001 ms
ds4: metal layer stage part=decode layer=23 pos=2048 tokens=1 q_path=0.234 ms
ds4: metal layer stage part=decode layer=23 pos=2048 tokens=1 kv_path=0.020 ms
ds4: metal layer stage part=decode layer=23 pos=2048 tokens=1 compressor_indexer=0.085 ms
ds4: metal layer stage part=decode layer=23 pos=2048 tokens=1 attention=0.093 ms
ds4: metal layer stage part=decode layer=23 pos=2048 tokens=1 attn_output=0.331 ms
ds4: metal layer stage part=decode layer=23 pos=2048 tokens=1 attn_hc_post=0.001 ms
ds4: metal layer stage part=decode layer=23 pos=2048 tokens=1 ffn_hc_pre=0.068 ms
ds4: metal layer stage part=decode layer=23 pos=2048 tokens=1 ffn_norm=0.001 ms
ds4: metal layer stage part=decode layer=23 pos=2048 tokens=1 router=0.028 ms
ds4: metal layer stage part=decode layer=23 pos=2048 tokens=1 routed_moe=0.358 ms
ds4: metal layer stage part=decode layer=23 pos=2048 tokens=1 shared_gate_up=0.097 ms
ds4: metal layer stage part=decode layer=23 pos=2048 tokens=1 shared_down=0.055 ms
ds4: metal layer stage part=decode layer=23 pos=2048 tokens=1 ffn_hc_post=0.001 ms
ds4: metal layer stage part=decode layer=24 pos=2048 tokens=1 attn_hc_pre=0.073 ms
ds4: metal layer stage part=decode layer=24 pos=2048 tokens=1 attn_norm=0.001 ms
ds4: metal layer stage part=decode layer=24 pos=2048 tokens=1 q_path=0.235 ms
ds4: metal layer stage part=decode layer=24 pos=2048 tokens=1 kv_path=0.019 ms
ds4: metal layer stage part=decode layer=24 pos=2048 tokens=1 compressor_indexer=0.189 ms
ds4: metal layer stage part=decode layer=24 pos=2048 tokens=1 attention=0.425 ms
ds4: metal layer stage part=decode layer=24 pos=2048 tokens=1 attn_output=0.347 ms
ds4: metal layer stage part=decode layer=24 pos=2048 tokens=1 attn_hc_post=0.001 ms
ds4: metal layer stage part=decode layer=24 pos=2048 tokens=1 ffn_hc_pre=0.068 ms
ds4: metal layer stage part=decode layer=24 pos=2048 tokens=1 ffn_norm=0.001 ms
ds4: metal layer stage part=decode layer=24 pos=2048 tokens=1 router=0.029 ms
ds4: metal layer stage part=decode layer=24 pos=2048 tokens=1 routed_moe=0.363 ms
ds4: metal layer stage part=decode layer=24 pos=2048 tokens=1 shared_gate_up=0.094 ms
ds4: metal layer stage part=decode layer=24 pos=2048 tokens=1 shared_down=0.057 ms
ds4: metal layer stage part=decode layer=24 pos=2048 tokens=1 ffn_hc_post=0.001 ms
ds4: metal layer stage part=decode layer=25 pos=2048 tokens=1 attn_hc_pre=0.073 ms
ds4: metal layer stage part=decode layer=25 pos=2048 tokens=1 attn_norm=0.001 ms
ds4: metal layer stage part=decode layer=25 pos=2048 tokens=1 q_path=0.242 ms
ds4: metal layer stage part=decode layer=25 pos=2048 tokens=1 kv_path=0.019 ms
ds4: metal layer stage part=decode layer=25 pos=2048 tokens=1 compressor_indexer=0.083 ms
ds4: metal layer stage part=decode layer=25 pos=2048 tokens=1 attention=0.093 ms
ds4: metal layer stage part=decode layer=25 pos=2048 tokens=1 attn_output=0.337 ms
ds4: metal layer stage part=decode layer=25 pos=2048 tokens=1 attn_hc_post=0.001 ms
ds4: metal layer stage part=decode layer=25 pos=2048 tokens=1 ffn_hc_pre=0.069 ms
ds4: metal layer stage part=decode layer=25 pos=2048 tokens=1 ffn_norm=0.001 ms
ds4: metal layer stage part=decode layer=25 pos=2048 tokens=1 router=0.029 ms
ds4: metal layer stage part=decode layer=25 pos=2048 tokens=1 routed_moe=0.359 ms
ds4: metal layer stage part=decode layer=25 pos=2048 tokens=1 shared_gate_up=0.092 ms
ds4: metal layer stage part=decode layer=25 pos=2048 tokens=1 shared_down=0.054 ms
ds4: metal layer stage part=decode layer=25 pos=2048 tokens=1 ffn_hc_post=0.001 ms
ds4: metal layer stage part=decode layer=26 pos=2048 tokens=1 attn_hc_pre=0.074 ms
ds4: metal layer stage part=decode layer=26 pos=2048 tokens=1 attn_norm=0.001 ms
ds4: metal layer stage part=decode layer=26 pos=2048 tokens=1 q_path=0.237 ms
ds4: metal layer stage part=decode layer=26 pos=2048 tokens=1 kv_path=0.020 ms
ds4: metal layer stage part=decode layer=26 pos=2048 tokens=1 compressor_indexer=0.186 ms
ds4: metal layer stage part=decode layer=26 pos=2048 tokens=1 attention=0.428 ms
ds4: metal layer stage part=decode layer=26 pos=2048 tokens=1 attn_output=0.336 ms
ds4: metal layer stage part=decode layer=26 pos=2048 tokens=1 attn_hc_post=0.001 ms
ds4: metal layer stage part=decode layer=26 pos=2048 tokens=1 ffn_hc_pre=0.067 ms
ds4: metal layer stage part=decode layer=26 pos=2048 tokens=1 ffn_norm=0.001 ms
ds4: metal layer stage part=decode layer=26 pos=2048 tokens=1 router=0.032 ms
ds4: metal layer stage part=decode layer=26 pos=2048 tokens=1 routed_moe=0.365 ms
ds4: metal layer stage part=decode layer=26 pos=2048 tokens=1 shared_gate_up=0.095 ms
ds4: metal layer stage part=decode layer=26 pos=2048 tokens=1 shared_down=0.052 ms
ds4: metal layer stage part=decode layer=26 pos=2048 tokens=1 ffn_hc_post=0.001 ms
ds4: metal layer stage part=decode layer=27 pos=2048 tokens=1 attn_hc_pre=0.073 ms
ds4: metal layer stage part=decode layer=27 pos=2048 tokens=1 attn_norm=0.001 ms
ds4: metal layer stage part=decode layer=27 pos=2048 tokens=1 q_path=0.236 ms
ds4: metal layer stage part=decode layer=27 pos=2048 tokens=1 kv_path=0.019 ms
ds4: metal layer stage part=decode layer=27 pos=2048 tokens=1 compressor_indexer=0.082 ms
ds4: metal layer stage part=decode layer=27 pos=2048 tokens=1 attention=0.093 ms
ds4: metal layer stage part=decode layer=27 pos=2048 tokens=1 attn_output=0.343 ms
ds4: metal layer stage part=decode layer=27 pos=2048 tokens=1 attn_hc_post=0.001 ms
ds4: metal layer stage part=decode layer=27 pos=2048 tokens=1 ffn_hc_pre=0.071 ms
ds4: metal layer stage part=decode layer=27 pos=2048 tokens=1 ffn_norm=0.001 ms
ds4: metal layer stage part=decode layer=27 pos=2048 tokens=1 router=0.031 ms
ds4: metal layer stage part=decode layer=27 pos=2048 tokens=1 routed_moe=0.358 ms
ds4: metal layer stage part=decode layer=27 pos=2048 tokens=1 shared_gate_up=0.096 ms
ds4: metal layer stage part=decode layer=27 pos=2048 tokens=1 shared_down=0.057 ms
ds4: metal layer stage part=decode layer=27 pos=2048 tokens=1 ffn_hc_post=0.001 ms
ds4: metal layer stage part=decode layer=28 pos=2048 tokens=1 attn_hc_pre=0.074 ms
ds4: metal layer stage part=decode layer=28 pos=2048 tokens=1 attn_norm=0.001 ms
ds4: metal layer stage part=decode layer=28 pos=2048 tokens=1 q_path=0.234 ms
ds4: metal layer stage part=decode layer=28 pos=2048 tokens=1 kv_path=0.018 ms
ds4: metal layer stage part=decode layer=28 pos=2048 tokens=1 compressor_indexer=0.188 ms
ds4: metal layer stage part=decode layer=28 pos=2048 tokens=1 attention=0.427 ms
ds4: metal layer stage part=decode layer=28 pos=2048 tokens=1 attn_output=0.341 ms
ds4: metal layer stage part=decode layer=28 pos=2048 tokens=1 attn_hc_post=0.001 ms
ds4: metal layer stage part=decode layer=28 pos=2048 tokens=1 ffn_hc_pre=0.069 ms
ds4: metal layer stage part=decode layer=28 pos=2048 tokens=1 ffn_norm=0.001 ms
ds4: metal layer stage part=decode layer=28 pos=2048 tokens=1 router=0.029 ms
ds4: metal layer stage part=decode layer=28 pos=2048 tokens=1 routed_moe=0.348 ms
ds4: metal layer stage part=decode layer=28 pos=2048 tokens=1 shared_gate_up=0.098 ms
ds4: metal layer stage part=decode layer=28 pos=2048 tokens=1 shared_down=0.055 ms
ds4: metal layer stage part=decode layer=28 pos=2048 tokens=1 ffn_hc_post=0.001 ms
ds4: metal layer stage part=decode layer=29 pos=2048 tokens=1 attn_hc_pre=0.073 ms
ds4: metal layer stage part=decode layer=29 pos=2048 tokens=1 attn_norm=0.001 ms
ds4: metal layer stage part=decode layer=29 pos=2048 tokens=1 q_path=0.235 ms
ds4: metal layer stage part=decode layer=29 pos=2048 tokens=1 kv_path=0.019 ms
ds4: metal layer stage part=decode layer=29 pos=2048 tokens=1 compressor_indexer=0.088 ms
ds4: metal layer stage part=decode layer=29 pos=2048 tokens=1 attention=0.094 ms
ds4: metal layer stage part=decode layer=29 pos=2048 tokens=1 attn_output=0.354 ms
ds4: metal layer stage part=decode layer=29 pos=2048 tokens=1 attn_hc_post=0.001 ms
ds4: metal layer stage part=decode layer=29 pos=2048 tokens=1 ffn_hc_pre=0.069 ms
ds4: metal layer stage part=decode layer=29 pos=2048 tokens=1 ffn_norm=0.002 ms
ds4: metal layer stage part=decode layer=29 pos=2048 tokens=1 router=0.029 ms
ds4: metal layer stage part=decode layer=29 pos=2048 tokens=1 routed_moe=0.340 ms
ds4: metal layer stage part=decode layer=29 pos=2048 tokens=1 shared_gate_up=0.094 ms
ds4: metal layer stage part=decode layer=29 pos=2048 tokens=1 shared_down=0.053 ms
ds4: metal layer stage part=decode layer=29 pos=2048 tokens=1 ffn_hc_post=0.001 ms
ds4: metal layer stage part=decode layer=30 pos=2048 tokens=1 attn_hc_pre=0.074 ms
ds4: metal layer stage part=decode layer=30 pos=2048 tokens=1 attn_norm=0.002 ms
ds4: metal layer stage part=decode layer=30 pos=2048 tokens=1 q_path=0.232 ms
ds4: metal layer stage part=decode layer=30 pos=2048 tokens=1 kv_path=0.020 ms
ds4: metal layer stage part=decode layer=30 pos=2048 tokens=1 compressor_indexer=0.187 ms
ds4: metal layer stage part=decode layer=30 pos=2048 tokens=1 attention=0.429 ms
ds4: metal layer stage part=decode layer=30 pos=2048 tokens=1 attn_output=0.344 ms
ds4: metal layer stage part=decode layer=30 pos=2048 tokens=1 attn_hc_post=0.001 ms
ds4: metal layer stage part=decode layer=30 pos=2048 tokens=1 ffn_hc_pre=0.067 ms
ds4: metal layer stage part=decode layer=30 pos=2048 tokens=1 ffn_norm=0.001 ms
ds4: metal layer stage part=decode layer=30 pos=2048 tokens=1 router=0.030 ms
ds4: metal layer stage part=decode layer=30 pos=2048 tokens=1 routed_moe=0.348 ms
ds4: metal layer stage part=decode layer=30 pos=2048 tokens=1 shared_gate_up=0.100 ms
ds4: metal layer stage part=decode layer=30 pos=2048 tokens=1 shared_down=0.054 ms
ds4: metal layer stage part=decode layer=30 pos=2048 tokens=1 ffn_hc_post=0.001 ms
ds4: metal layer stage part=decode layer=31 pos=2048 tokens=1 attn_hc_pre=0.074 ms
ds4: metal layer stage part=decode layer=31 pos=2048 tokens=1 attn_norm=0.001 ms
ds4: metal layer stage part=decode layer=31 pos=2048 tokens=1 q_path=0.227 ms
ds4: metal layer stage part=decode layer=31 pos=2048 tokens=1 kv_path=0.018 ms
ds4: metal layer stage part=decode layer=31 pos=2048 tokens=1 compressor_indexer=0.082 ms
ds4: metal layer stage part=decode layer=31 pos=2048 tokens=1 attention=0.092 ms
ds4: metal layer stage part=decode layer=31 pos=2048 tokens=1 attn_output=0.340 ms
ds4: metal layer stage part=decode layer=31 pos=2048 tokens=1 attn_hc_post=0.001 ms
ds4: metal layer stage part=decode layer=31 pos=2048 tokens=1 ffn_hc_pre=0.069 ms
ds4: metal layer stage part=decode layer=31 pos=2048 tokens=1 ffn_norm=0.001 ms
ds4: metal layer stage part=decode layer=31 pos=2048 tokens=1 router=0.029 ms
ds4: metal layer stage part=decode layer=31 pos=2048 tokens=1 routed_moe=0.346 ms
ds4: metal layer stage part=decode layer=31 pos=2048 tokens=1 shared_gate_up=0.098 ms
ds4: metal layer stage part=decode layer=31 pos=2048 tokens=1 shared_down=0.053 ms
ds4: metal layer stage part=decode layer=31 pos=2048 tokens=1 ffn_hc_post=0.001 ms
ds4: metal layer stage part=decode layer=32 pos=2048 tokens=1 attn_hc_pre=0.074 ms
ds4: metal layer stage part=decode layer=32 pos=2048 tokens=1 attn_norm=0.001 ms
ds4: metal layer stage part=decode layer=32 pos=2048 tokens=1 q_path=0.234 ms
ds4: metal layer stage part=decode layer=32 pos=2048 tokens=1 kv_path=0.019 ms
ds4: metal layer stage part=decode layer=32 pos=2048 tokens=1 compressor_indexer=0.185 ms
ds4: metal layer stage part=decode layer=32 pos=2048 tokens=1 attention=0.433 ms
ds4: metal layer stage part=decode layer=32 pos=2048 tokens=1 attn_output=0.339 ms
ds4: metal layer stage part=decode layer=32 pos=2048 tokens=1 attn_hc_post=0.001 ms
ds4: metal layer stage part=decode layer=32 pos=2048 tokens=1 ffn_hc_pre=0.069 ms
ds4: metal layer stage part=decode layer=32 pos=2048 tokens=1 ffn_norm=0.001 ms
ds4: metal layer stage part=decode layer=32 pos=2048 tokens=1 router=0.027 ms
ds4: metal layer stage part=decode layer=32 pos=2048 tokens=1 routed_moe=0.338 ms
ds4: metal layer stage part=decode layer=32 pos=2048 tokens=1 shared_gate_up=0.094 ms
ds4: metal layer stage part=decode layer=32 pos=2048 tokens=1 shared_down=0.055 ms
ds4: metal layer stage part=decode layer=32 pos=2048 tokens=1 ffn_hc_post=0.001 ms
ds4: metal layer stage part=decode layer=33 pos=2048 tokens=1 attn_hc_pre=0.074 ms
ds4: metal layer stage part=decode layer=33 pos=2048 tokens=1 attn_norm=0.001 ms
ds4: metal layer stage part=decode layer=33 pos=2048 tokens=1 q_path=0.228 ms
ds4: metal layer stage part=decode layer=33 pos=2048 tokens=1 kv_path=0.019 ms
ds4: metal layer stage part=decode layer=33 pos=2048 tokens=1 compressor_indexer=0.077 ms
ds4: metal layer stage part=decode layer=33 pos=2048 tokens=1 attention=0.092 ms
ds4: metal layer stage part=decode layer=33 pos=2048 tokens=1 attn_output=0.330 ms
ds4: metal layer stage part=decode layer=33 pos=2048 tokens=1 attn_hc_post=0.001 ms
ds4: metal layer stage part=decode layer=33 pos=2048 tokens=1 ffn_hc_pre=0.071 ms
ds4: metal layer stage part=decode layer=33 pos=2048 tokens=1 ffn_norm=0.001 ms
ds4: metal layer stage part=decode layer=33 pos=2048 tokens=1 router=0.027 ms
ds4: metal layer stage part=decode layer=33 pos=2048 tokens=1 routed_moe=0.347 ms
ds4: metal layer stage part=decode layer=33 pos=2048 tokens=1 shared_gate_up=0.094 ms
ds4: metal layer stage part=decode layer=33 pos=2048 tokens=1 shared_down=0.051 ms
ds4: metal layer stage part=decode layer=33 pos=2048 tokens=1 ffn_hc_post=0.001 ms
ds4: metal layer stage part=decode layer=34 pos=2048 tokens=1 attn_hc_pre=0.074 ms
ds4: metal layer stage part=decode layer=34 pos=2048 tokens=1 attn_norm=0.001 ms
ds4: metal layer stage part=decode layer=34 pos=2048 tokens=1 q_path=0.231 ms
ds4: metal layer stage part=decode layer=34 pos=2048 tokens=1 kv_path=0.020 ms
ds4: metal layer stage part=decode layer=34 pos=2048 tokens=1 compressor_indexer=0.191 ms
ds4: metal layer stage part=decode layer=34 pos=2048 tokens=1 attention=0.429 ms
ds4: metal layer stage part=decode layer=34 pos=2048 tokens=1 attn_output=0.340 ms
ds4: metal layer stage part=decode layer=34 pos=2048 tokens=1 attn_hc_post=0.001 ms
ds4: metal layer stage part=decode layer=34 pos=2048 tokens=1 ffn_hc_pre=0.071 ms
ds4: metal layer stage part=decode layer=34 pos=2048 tokens=1 ffn_norm=0.001 ms
ds4: metal layer stage part=decode layer=34 pos=2048 tokens=1 router=0.028 ms
ds4: metal layer stage part=decode layer=34 pos=2048 tokens=1 routed_moe=0.345 ms
ds4: metal layer stage part=decode layer=34 pos=2048 tokens=1 shared_gate_up=0.092 ms
ds4: metal layer stage part=decode layer=34 pos=2048 tokens=1 shared_down=0.056 ms
ds4: metal layer stage part=decode layer=34 pos=2048 tokens=1 ffn_hc_post=0.001 ms
ds4: metal layer stage part=decode layer=35 pos=2048 tokens=1 attn_hc_pre=0.073 ms
ds4: metal layer stage part=decode layer=35 pos=2048 tokens=1 attn_norm=0.001 ms
ds4: metal layer stage part=decode layer=35 pos=2048 tokens=1 q_path=0.233 ms
ds4: metal layer stage part=decode layer=35 pos=2048 tokens=1 kv_path=0.019 ms
ds4: metal layer stage part=decode layer=35 pos=2048 tokens=1 compressor_indexer=0.084 ms
ds4: metal layer stage part=decode layer=35 pos=2048 tokens=1 attention=0.092 ms
ds4: metal layer stage part=decode layer=35 pos=2048 tokens=1 attn_output=0.336 ms
ds4: metal layer stage part=decode layer=35 pos=2048 tokens=1 attn_hc_post=0.001 ms
ds4: metal layer stage part=decode layer=35 pos=2048 tokens=1 ffn_hc_pre=0.067 ms
ds4: metal layer stage part=decode layer=35 pos=2048 tokens=1 ffn_norm=0.001 ms
ds4: metal layer stage part=decode layer=35 pos=2048 tokens=1 router=0.032 ms
ds4: metal layer stage part=decode layer=35 pos=2048 tokens=1 routed_moe=0.350 ms
ds4: metal layer stage part=decode layer=35 pos=2048 tokens=1 shared_gate_up=0.096 ms
ds4: metal layer stage part=decode layer=35 pos=2048 tokens=1 shared_down=0.055 ms
ds4: metal layer stage part=decode layer=35 pos=2048 tokens=1 ffn_hc_post=0.001 ms
ds4: metal layer stage part=decode layer=36 pos=2048 tokens=1 attn_hc_pre=0.074 ms
ds4: metal layer stage part=decode layer=36 pos=2048 tokens=1 attn_norm=0.001 ms
ds4: metal layer stage part=decode layer=36 pos=2048 tokens=1 q_path=0.238 ms
ds4: metal layer stage part=decode layer=36 pos=2048 tokens=1 kv_path=0.018 ms
ds4: metal layer stage part=decode layer=36 pos=2048 tokens=1 compressor_indexer=0.187 ms
ds4: metal layer stage part=decode layer=36 pos=2048 tokens=1 attention=0.429 ms
ds4: metal layer stage part=decode layer=36 pos=2048 tokens=1 attn_output=0.338 ms
ds4: metal layer stage part=decode layer=36 pos=2048 tokens=1 attn_hc_post=0.001 ms
ds4: metal layer stage part=decode layer=36 pos=2048 tokens=1 ffn_hc_pre=0.068 ms
ds4: metal layer stage part=decode layer=36 pos=2048 tokens=1 ffn_norm=0.001 ms
ds4: metal layer stage part=decode layer=36 pos=2048 tokens=1 router=0.033 ms
ds4: metal layer stage part=decode layer=36 pos=2048 tokens=1 routed_moe=0.345 ms
ds4: metal layer stage part=decode layer=36 pos=2048 tokens=1 shared_gate_up=0.090 ms
ds4: metal layer stage part=decode layer=36 pos=2048 tokens=1 shared_down=0.054 ms
ds4: metal layer stage part=decode layer=36 pos=2048 tokens=1 ffn_hc_post=0.001 ms
ds4: metal layer stage part=decode layer=37 pos=2048 tokens=1 attn_hc_pre=0.072 ms
ds4: metal layer stage part=decode layer=37 pos=2048 tokens=1 attn_norm=0.002 ms
ds4: metal layer stage part=decode layer=37 pos=2048 tokens=1 q_path=0.235 ms
ds4: metal layer stage part=decode layer=37 pos=2048 tokens=1 kv_path=0.019 ms
ds4: metal layer stage part=decode layer=37 pos=2048 tokens=1 compressor_indexer=0.083 ms
ds4: metal layer stage part=decode layer=37 pos=2048 tokens=1 attention=0.093 ms
ds4: metal layer stage part=decode layer=37 pos=2048 tokens=1 attn_output=0.342 ms
ds4: metal layer stage part=decode layer=37 pos=2048 tokens=1 attn_hc_post=0.001 ms
ds4: metal layer stage part=decode layer=37 pos=2048 tokens=1 ffn_hc_pre=0.069 ms
ds4: metal layer stage part=decode layer=37 pos=2048 tokens=1 ffn_norm=0.001 ms
ds4: metal layer stage part=decode layer=37 pos=2048 tokens=1 router=0.029 ms
ds4: metal layer stage part=decode layer=37 pos=2048 tokens=1 routed_moe=0.350 ms
ds4: metal layer stage part=decode layer=37 pos=2048 tokens=1 shared_gate_up=0.096 ms
ds4: metal layer stage part=decode layer=37 pos=2048 tokens=1 shared_down=0.056 ms
ds4: metal layer stage part=decode layer=37 pos=2048 tokens=1 ffn_hc_post=0.001 ms
ds4: metal layer stage part=decode layer=38 pos=2048 tokens=1 attn_hc_pre=0.074 ms
ds4: metal layer stage part=decode layer=38 pos=2048 tokens=1 attn_norm=0.002 ms
ds4: metal layer stage part=decode layer=38 pos=2048 tokens=1 q_path=0.230 ms
ds4: metal layer stage part=decode layer=38 pos=2048 tokens=1 kv_path=0.021 ms
ds4: metal layer stage part=decode layer=38 pos=2048 tokens=1 compressor_indexer=0.185 ms
ds4: metal layer stage part=decode layer=38 pos=2048 tokens=1 attention=0.428 ms
ds4: metal layer stage part=decode layer=38 pos=2048 tokens=1 attn_output=0.337 ms
ds4: metal layer stage part=decode layer=38 pos=2048 tokens=1 attn_hc_post=0.001 ms
ds4: metal layer stage part=decode layer=38 pos=2048 tokens=1 ffn_hc_pre=0.071 ms
ds4: metal layer stage part=decode layer=38 pos=2048 tokens=1 ffn_norm=0.001 ms
ds4: metal layer stage part=decode layer=38 pos=2048 tokens=1 router=0.027 ms
ds4: metal layer stage part=decode layer=38 pos=2048 tokens=1 routed_moe=0.356 ms
ds4: metal layer stage part=decode layer=38 pos=2048 tokens=1 shared_gate_up=0.095 ms
ds4: metal layer stage part=decode layer=38 pos=2048 tokens=1 shared_down=0.053 ms
ds4: metal layer stage part=decode layer=38 pos=2048 tokens=1 ffn_hc_post=0.001 ms
ds4: metal layer stage part=decode layer=39 pos=2048 tokens=1 attn_hc_pre=0.074 ms
ds4: metal layer stage part=decode layer=39 pos=2048 tokens=1 attn_norm=0.001 ms
ds4: metal layer stage part=decode layer=39 pos=2048 tokens=1 q_path=0.240 ms
ds4: metal layer stage part=decode layer=39 pos=2048 tokens=1 kv_path=0.019 ms
ds4: metal layer stage part=decode layer=39 pos=2048 tokens=1 compressor_indexer=0.085 ms
ds4: metal layer stage part=decode layer=39 pos=2048 tokens=1 attention=0.095 ms
ds4: metal layer stage part=decode layer=39 pos=2048 tokens=1 attn_output=0.355 ms
ds4: metal layer stage part=decode layer=39 pos=2048 tokens=1 attn_hc_post=0.001 ms
ds4: metal layer stage part=decode layer=39 pos=2048 tokens=1 ffn_hc_pre=0.069 ms
ds4: metal layer stage part=decode layer=39 pos=2048 tokens=1 ffn_norm=0.001 ms
ds4: metal layer stage part=decode layer=39 pos=2048 tokens=1 router=0.033 ms
ds4: metal layer stage part=decode layer=39 pos=2048 tokens=1 routed_moe=0.344 ms
ds4: metal layer stage part=decode layer=39 pos=2048 tokens=1 shared_gate_up=0.094 ms
ds4: metal layer stage part=decode layer=39 pos=2048 tokens=1 shared_down=0.055 ms
ds4: metal layer stage part=decode layer=39 pos=2048 tokens=1 ffn_hc_post=0.001 ms
ds4: metal layer stage part=decode layer=40 pos=2048 tokens=1 attn_hc_pre=0.073 ms
ds4: metal layer stage part=decode layer=40 pos=2048 tokens=1 attn_norm=0.001 ms
ds4: metal layer stage part=decode layer=40 pos=2048 tokens=1 q_path=0.239 ms
ds4: metal layer stage part=decode layer=40 pos=2048 tokens=1 kv_path=0.019 ms
ds4: metal layer stage part=decode layer=40 pos=2048 tokens=1 compressor_indexer=0.189 ms
ds4: metal layer stage part=decode layer=40 pos=2048 tokens=1 attention=0.425 ms
ds4: metal layer stage part=decode layer=40 pos=2048 tokens=1 attn_output=0.337 ms
ds4: metal layer stage part=decode layer=40 pos=2048 tokens=1 attn_hc_post=0.001 ms
ds4: metal layer stage part=decode layer=40 pos=2048 tokens=1 ffn_hc_pre=0.068 ms
ds4: metal layer stage part=decode layer=40 pos=2048 tokens=1 ffn_norm=0.002 ms
ds4: metal layer stage part=decode layer=40 pos=2048 tokens=1 router=0.031 ms
ds4: metal layer stage part=decode layer=40 pos=2048 tokens=1 routed_moe=0.351 ms
ds4: metal layer stage part=decode layer=40 pos=2048 tokens=1 shared_gate_up=0.096 ms
ds4: metal layer stage part=decode layer=40 pos=2048 tokens=1 shared_down=0.055 ms
ds4: metal layer stage part=decode layer=40 pos=2048 tokens=1 ffn_hc_post=0.001 ms
ds4: metal layer stage part=decode layer=41 pos=2048 tokens=1 attn_hc_pre=0.075 ms
ds4: metal layer stage part=decode layer=41 pos=2048 tokens=1 attn_norm=0.001 ms
ds4: metal layer stage part=decode layer=41 pos=2048 tokens=1 q_path=0.232 ms
ds4: metal layer stage part=decode layer=41 pos=2048 tokens=1 kv_path=0.019 ms
ds4: metal layer stage part=decode layer=41 pos=2048 tokens=1 compressor_indexer=0.081 ms
ds4: metal layer stage part=decode layer=41 pos=2048 tokens=1 attention=0.094 ms
ds4: metal layer stage part=decode layer=41 pos=2048 tokens=1 attn_output=0.347 ms
ds4: metal layer stage part=decode layer=41 pos=2048 tokens=1 attn_hc_post=0.001 ms
ds4: metal layer stage part=decode layer=41 pos=2048 tokens=1 ffn_hc_pre=0.069 ms
ds4: metal layer stage part=decode layer=41 pos=2048 tokens=1 ffn_norm=0.001 ms
ds4: metal layer stage part=decode layer=41 pos=2048 tokens=1 router=0.030 ms
ds4: metal layer stage part=decode layer=41 pos=2048 tokens=1 routed_moe=0.354 ms
ds4: metal layer stage part=decode layer=41 pos=2048 tokens=1 shared_gate_up=0.103 ms
ds4: metal layer stage part=decode layer=41 pos=2048 tokens=1 shared_down=0.054 ms
ds4: metal layer stage part=decode layer=41 pos=2048 tokens=1 ffn_hc_post=0.001 ms
ds4: metal layer stage part=decode layer=42 pos=2048 tokens=1 attn_hc_pre=0.074 ms
ds4: metal layer stage part=decode layer=42 pos=2048 tokens=1 attn_norm=0.001 ms
ds4: metal layer stage part=decode layer=42 pos=2048 tokens=1 q_path=0.231 ms
ds4: metal layer stage part=decode layer=42 pos=2048 tokens=1 kv_path=0.018 ms
ds4: metal layer stage part=decode layer=42 pos=2048 tokens=1 compressor_indexer=0.184 ms
ds4: metal layer stage part=decode layer=42 pos=2048 tokens=1 attention=0.427 ms
ds4: metal layer stage part=decode layer=42 pos=2048 tokens=1 attn_output=0.339 ms
ds4: metal layer stage part=decode layer=42 pos=2048 tokens=1 attn_hc_post=0.001 ms
ds4: metal layer stage part=decode layer=42 pos=2048 tokens=1 ffn_hc_pre=0.070 ms
ds4: metal layer stage part=decode layer=42 pos=2048 tokens=1 ffn_norm=0.001 ms
ds4: metal layer stage part=decode layer=42 pos=2048 tokens=1 router=0.028 ms
ds4: metal layer stage part=decode layer=42 pos=2048 tokens=1 routed_moe=0.356 ms
ds4: metal layer stage part=decode layer=42 pos=2048 tokens=1 shared_gate_up=0.101 ms
ds4: metal layer stage part=decode layer=42 pos=2048 tokens=1 shared_down=0.053 ms
ds4: metal layer stage part=decode layer=42 pos=2048 tokens=1 ffn_hc_post=0.003 ms
ds4: metal layer stage part=decode layer=0 pos=2049 tokens=1 attn_hc_pre=0.077 ms
ds4: metal layer stage part=decode layer=0 pos=2049 tokens=1 attn_norm=0.002 ms
ds4: metal layer stage part=decode layer=0 pos=2049 tokens=1 q_path=0.235 ms
ds4: metal layer stage part=decode layer=0 pos=2049 tokens=1 kv_path=0.018 ms
ds4: metal layer stage part=decode layer=0 pos=2049 tokens=1 compressor_indexer=0.001 ms
ds4: metal layer stage part=decode layer=0 pos=2049 tokens=1 attention=0.073 ms
ds4: metal layer stage part=decode layer=0 pos=2049 tokens=1 attn_output=0.333 ms
ds4: metal layer stage part=decode layer=0 pos=2049 tokens=1 attn_hc_post=0.001 ms
ds4: metal layer stage part=decode layer=0 pos=2049 tokens=1 ffn_hc_pre=0.069 ms
ds4: metal layer stage part=decode layer=0 pos=2049 tokens=1 ffn_norm=0.001 ms
ds4: metal layer stage part=decode layer=0 pos=2049 tokens=1 router=0.029 ms
ds4: metal layer stage part=decode layer=0 pos=2049 tokens=1 routed_moe=0.351 ms
ds4: metal layer stage part=decode layer=0 pos=2049 tokens=1 shared_gate_up=0.096 ms
ds4: metal layer stage part=decode layer=0 pos=2049 tokens=1 shared_down=0.055 ms
ds4: metal layer stage part=decode layer=0 pos=2049 tokens=1 ffn_hc_post=0.001 ms
ds4: metal layer stage part=decode layer=1 pos=2049 tokens=1 attn_hc_pre=0.073 ms
ds4: metal layer stage part=decode layer=1 pos=2049 tokens=1 attn_norm=0.001 ms
ds4: metal layer stage part=decode layer=1 pos=2049 tokens=1 q_path=0.231 ms
ds4: metal layer stage part=decode layer=1 pos=2049 tokens=1 kv_path=0.017 ms
ds4: metal layer stage part=decode layer=1 pos=2049 tokens=1 compressor_indexer=0.001 ms
ds4: metal layer stage part=decode layer=1 pos=2049 tokens=1 attention=0.074 ms
ds4: metal layer stage part=decode layer=1 pos=2049 tokens=1 attn_output=0.335 ms
ds4: metal layer stage part=decode layer=1 pos=2049 tokens=1 attn_hc_post=0.001 ms
ds4: metal layer stage part=decode layer=1 pos=2049 tokens=1 ffn_hc_pre=0.071 ms
ds4: metal layer stage part=decode layer=1 pos=2049 tokens=1 ffn_norm=0.001 ms
ds4: metal layer stage part=decode layer=1 pos=2049 tokens=1 router=0.030 ms
ds4: metal layer stage part=decode layer=1 pos=2049 tokens=1 routed_moe=0.359 ms
ds4: metal layer stage part=decode layer=1 pos=2049 tokens=1 shared_gate_up=0.091 ms
ds4: metal layer stage part=decode layer=1 pos=2049 tokens=1 shared_down=0.054 ms
ds4: metal layer stage part=decode layer=1 pos=2049 tokens=1 ffn_hc_post=0.001 ms
ds4: metal layer stage part=decode layer=2 pos=2049 tokens=1 attn_hc_pre=0.073 ms
ds4: metal layer stage part=decode layer=2 pos=2049 tokens=1 attn_norm=0.001 ms
ds4: metal layer stage part=decode layer=2 pos=2049 tokens=1 q_path=0.237 ms
ds4: metal layer stage part=decode layer=2 pos=2049 tokens=1 kv_path=0.017 ms
ds4: metal layer stage part=decode layer=2 pos=2049 tokens=1 compressor_indexer=0.192 ms
ds4: metal layer stage part=decode layer=2 pos=2049 tokens=1 attention=0.439 ms
ds4: metal layer stage part=decode layer=2 pos=2049 tokens=1 attn_output=0.334 ms
ds4: metal layer stage part=decode layer=2 pos=2049 tokens=1 attn_hc_post=0.001 ms
ds4: metal layer stage part=decode layer=2 pos=2049 tokens=1 ffn_hc_pre=0.071 ms
ds4: metal layer stage part=decode layer=2 pos=2049 tokens=1 ffn_norm=0.001 ms
ds4: metal layer stage part=decode layer=2 pos=2049 tokens=1 router=0.028 ms
ds4: metal layer stage part=decode layer=2 pos=2049 tokens=1 routed_moe=0.362 ms
ds4: metal layer stage part=decode layer=2 pos=2049 tokens=1 shared_gate_up=0.094 ms
ds4: metal layer stage part=decode layer=2 pos=2049 tokens=1 shared_down=0.056 ms
ds4: metal layer stage part=decode layer=2 pos=2049 tokens=1 ffn_hc_post=0.001 ms
ds4: metal layer stage part=decode layer=3 pos=2049 tokens=1 attn_hc_pre=0.072 ms
ds4: metal layer stage part=decode layer=3 pos=2049 tokens=1 attn_norm=0.001 ms
ds4: metal layer stage part=decode layer=3 pos=2049 tokens=1 q_path=0.230 ms
ds4: metal layer stage part=decode layer=3 pos=2049 tokens=1 kv_path=0.018 ms
ds4: metal layer stage part=decode layer=3 pos=2049 tokens=1 compressor_indexer=0.074 ms
ds4: metal layer stage part=decode layer=3 pos=2049 tokens=1 attention=0.092 ms
ds4: metal layer stage part=decode layer=3 pos=2049 tokens=1 attn_output=0.344 ms
ds4: metal layer stage part=decode layer=3 pos=2049 tokens=1 attn_hc_post=0.001 ms
ds4: metal layer stage part=decode layer=3 pos=2049 tokens=1 ffn_hc_pre=0.068 ms
ds4: metal layer stage part=decode layer=3 pos=2049 tokens=1 ffn_norm=0.001 ms
ds4: metal layer stage part=decode layer=3 pos=2049 tokens=1 router=0.023 ms
ds4: metal layer stage part=decode layer=3 pos=2049 tokens=1 routed_moe=0.365 ms
ds4: metal layer stage part=decode layer=3 pos=2049 tokens=1 shared_gate_up=0.091 ms
ds4: metal layer stage part=decode layer=3 pos=2049 tokens=1 shared_down=0.055 ms
ds4: metal layer stage part=decode layer=3 pos=2049 tokens=1 ffn_hc_post=0.001 ms
ds4: metal layer stage part=decode layer=4 pos=2049 tokens=1 attn_hc_pre=0.073 ms
ds4: metal layer stage part=decode layer=4 pos=2049 tokens=1 attn_norm=0.001 ms
ds4: metal layer stage part=decode layer=4 pos=2049 tokens=1 q_path=0.234 ms
ds4: metal layer stage part=decode layer=4 pos=2049 tokens=1 kv_path=0.018 ms
ds4: metal layer stage part=decode layer=4 pos=2049 tokens=1 compressor_indexer=0.185 ms
ds4: metal layer stage part=decode layer=4 pos=2049 tokens=1 attention=0.432 ms
ds4: metal layer stage part=decode layer=4 pos=2049 tokens=1 attn_output=0.329 ms
ds4: metal layer stage part=decode layer=4 pos=2049 tokens=1 attn_hc_post=0.001 ms
ds4: metal layer stage part=decode layer=4 pos=2049 tokens=1 ffn_hc_pre=0.068 ms
ds4: metal layer stage part=decode layer=4 pos=2049 tokens=1 ffn_norm=0.001 ms
ds4: metal layer stage part=decode layer=4 pos=2049 tokens=1 router=0.025 ms
ds4: metal layer stage part=decode layer=4 pos=2049 tokens=1 routed_moe=0.383 ms
ds4: metal layer stage part=decode layer=4 pos=2049 tokens=1 shared_gate_up=0.095 ms
ds4: metal layer stage part=decode layer=4 pos=2049 tokens=1 shared_down=0.055 ms
ds4: metal layer stage part=decode layer=4 pos=2049 tokens=1 ffn_hc_post=0.001 ms
ds4: metal layer stage part=decode layer=5 pos=2049 tokens=1 attn_hc_pre=0.070 ms
ds4: metal layer stage part=decode layer=5 pos=2049 tokens=1 attn_norm=0.001 ms
ds4: metal layer stage part=decode layer=5 pos=2049 tokens=1 q_path=0.215 ms
ds4: metal layer stage part=decode layer=5 pos=2049 tokens=1 kv_path=0.017 ms
ds4: metal layer stage part=decode layer=5 pos=2049 tokens=1 compressor_indexer=0.080 ms
ds4: metal layer stage part=decode layer=5 pos=2049 tokens=1 attention=0.092 ms
ds4: metal layer stage part=decode layer=5 pos=2049 tokens=1 attn_output=0.335 ms
ds4: metal layer stage part=decode layer=5 pos=2049 tokens=1 attn_hc_post=0.001 ms
ds4: metal layer stage part=decode layer=5 pos=2049 tokens=1 ffn_hc_pre=0.071 ms
ds4: metal layer stage part=decode layer=5 pos=2049 tokens=1 ffn_norm=0.001 ms
ds4: metal layer stage part=decode layer=5 pos=2049 tokens=1 router=0.028 ms
ds4: metal layer stage part=decode layer=5 pos=2049 tokens=1 routed_moe=0.349 ms
ds4: metal layer stage part=decode layer=5 pos=2049 tokens=1 shared_gate_up=0.091 ms
ds4: metal layer stage part=decode layer=5 pos=2049 tokens=1 shared_down=0.051 ms
ds4: metal layer stage part=decode layer=5 pos=2049 tokens=1 ffn_hc_post=0.001 ms
ds4: metal layer stage part=decode layer=6 pos=2049 tokens=1 attn_hc_pre=0.073 ms
ds4: metal layer stage part=decode layer=6 pos=2049 tokens=1 attn_norm=0.001 ms
ds4: metal layer stage part=decode layer=6 pos=2049 tokens=1 q_path=0.225 ms
ds4: metal layer stage part=decode layer=6 pos=2049 tokens=1 kv_path=0.019 ms
ds4: metal layer stage part=decode layer=6 pos=2049 tokens=1 compressor_indexer=0.186 ms
ds4: metal layer stage part=decode layer=6 pos=2049 tokens=1 attention=0.434 ms
ds4: metal layer stage part=decode layer=6 pos=2049 tokens=1 attn_output=0.319 ms
ds4: metal layer stage part=decode layer=6 pos=2049 tokens=1 attn_hc_post=0.001 ms
ds4: metal layer stage part=decode layer=6 pos=2049 tokens=1 ffn_hc_pre=0.067 ms
ds4: metal layer stage part=decode layer=6 pos=2049 tokens=1 ffn_norm=0.002 ms
ds4: metal layer stage part=decode layer=6 pos=2049 tokens=1 router=0.029 ms
ds4: metal layer stage part=decode layer=6 pos=2049 tokens=1 routed_moe=0.353 ms
ds4: metal layer stage part=decode layer=6 pos=2049 tokens=1 shared_gate_up=0.092 ms
ds4: metal layer stage part=decode layer=6 pos=2049 tokens=1 shared_down=0.055 ms
ds4: metal layer stage part=decode layer=6 pos=2049 tokens=1 ffn_hc_post=0.001 ms
ds4: metal layer stage part=decode layer=7 pos=2049 tokens=1 attn_hc_pre=0.074 ms
ds4: metal layer stage part=decode layer=7 pos=2049 tokens=1 attn_norm=0.001 ms
ds4: metal layer stage part=decode layer=7 pos=2049 tokens=1 q_path=0.224 ms
ds4: metal layer stage part=decode layer=7 pos=2049 tokens=1 kv_path=0.017 ms
ds4: metal layer stage part=decode layer=7 pos=2049 tokens=1 compressor_indexer=0.078 ms
ds4: metal layer stage part=decode layer=7 pos=2049 tokens=1 attention=0.092 ms
ds4: metal layer stage part=decode layer=7 pos=2049 tokens=1 attn_output=0.335 ms
ds4: metal layer stage part=decode layer=7 pos=2049 tokens=1 attn_hc_post=0.001 ms
ds4: metal layer stage part=decode layer=7 pos=2049 tokens=1 ffn_hc_pre=0.070 ms
ds4: metal layer stage part=decode layer=7 pos=2049 tokens=1 ffn_norm=0.001 ms
ds4: metal layer stage part=decode layer=7 pos=2049 tokens=1 router=0.029 ms
ds4: metal layer stage part=decode layer=7 pos=2049 tokens=1 routed_moe=0.347 ms
ds4: metal layer stage part=decode layer=7 pos=2049 tokens=1 shared_gate_up=0.095 ms
ds4: metal layer stage part=decode layer=7 pos=2049 tokens=1 shared_down=0.051 ms
ds4: metal layer stage part=decode layer=7 pos=2049 tokens=1 ffn_hc_post=0.001 ms
ds4: metal layer stage part=decode layer=8 pos=2049 tokens=1 attn_hc_pre=0.074 ms
ds4: metal layer stage part=decode layer=8 pos=2049 tokens=1 attn_norm=0.001 ms
ds4: metal layer stage part=decode layer=8 pos=2049 tokens=1 q_path=0.230 ms
ds4: metal layer stage part=decode layer=8 pos=2049 tokens=1 kv_path=0.019 ms
ds4: metal layer stage part=decode layer=8 pos=2049 tokens=1 compressor_indexer=0.187 ms
ds4: metal layer stage part=decode layer=8 pos=2049 tokens=1 attention=0.437 ms
ds4: metal layer stage part=decode layer=8 pos=2049 tokens=1 attn_output=0.335 ms
ds4: metal layer stage part=decode layer=8 pos=2049 tokens=1 attn_hc_post=0.001 ms
ds4: metal layer stage part=decode layer=8 pos=2049 tokens=1 ffn_hc_pre=0.069 ms
ds4: metal layer stage part=decode layer=8 pos=2049 tokens=1 ffn_norm=0.001 ms
ds4: metal layer stage part=decode layer=8 pos=2049 tokens=1 router=0.032 ms
ds4: metal layer stage part=decode layer=8 pos=2049 tokens=1 routed_moe=0.347 ms
ds4: metal layer stage part=decode layer=8 pos=2049 tokens=1 shared_gate_up=0.094 ms
ds4: metal layer stage part=decode layer=8 pos=2049 tokens=1 shared_down=0.055 ms
ds4: metal layer stage part=decode layer=8 pos=2049 tokens=1 ffn_hc_post=0.001 ms
ds4: metal layer stage part=decode layer=9 pos=2049 tokens=1 attn_hc_pre=0.073 ms
ds4: metal layer stage part=decode layer=9 pos=2049 tokens=1 attn_norm=0.001 ms
ds4: metal layer stage part=decode layer=9 pos=2049 tokens=1 q_path=0.230 ms
ds4: metal layer stage part=decode layer=9 pos=2049 tokens=1 kv_path=0.017 ms
ds4: metal layer stage part=decode layer=9 pos=2049 tokens=1 compressor_indexer=0.080 ms
ds4: metal layer stage part=decode layer=9 pos=2049 tokens=1 attention=0.092 ms
ds4: metal layer stage part=decode layer=9 pos=2049 tokens=1 attn_output=0.334 ms
ds4: metal layer stage part=decode layer=9 pos=2049 tokens=1 attn_hc_post=0.001 ms
ds4: metal layer stage part=decode layer=9 pos=2049 tokens=1 ffn_hc_pre=0.067 ms
ds4: metal layer stage part=decode layer=9 pos=2049 tokens=1 ffn_norm=0.001 ms
ds4: metal layer stage part=decode layer=9 pos=2049 tokens=1 router=0.029 ms
ds4: metal layer stage part=decode layer=9 pos=2049 tokens=1 routed_moe=0.361 ms
ds4: metal layer stage part=decode layer=9 pos=2049 tokens=1 shared_gate_up=0.095 ms
ds4: metal layer stage part=decode layer=9 pos=2049 tokens=1 shared_down=0.056 ms
ds4: metal layer stage part=decode layer=9 pos=2049 tokens=1 ffn_hc_post=0.001 ms
ds4: metal layer stage part=decode layer=10 pos=2049 tokens=1 attn_hc_pre=0.070 ms
ds4: metal layer stage part=decode layer=10 pos=2049 tokens=1 attn_norm=0.001 ms
ds4: metal layer stage part=decode layer=10 pos=2049 tokens=1 q_path=0.222 ms
ds4: metal layer stage part=decode layer=10 pos=2049 tokens=1 kv_path=0.017 ms
ds4: metal layer stage part=decode layer=10 pos=2049 tokens=1 compressor_indexer=0.191 ms
ds4: metal layer stage part=decode layer=10 pos=2049 tokens=1 attention=0.433 ms
ds4: metal layer stage part=decode layer=10 pos=2049 tokens=1 attn_output=0.331 ms
ds4: metal layer stage part=decode layer=10 pos=2049 tokens=1 attn_hc_post=0.001 ms
ds4: metal layer stage part=decode layer=10 pos=2049 tokens=1 ffn_hc_pre=0.067 ms
ds4: metal layer stage part=decode layer=10 pos=2049 tokens=1 ffn_norm=0.001 ms
ds4: metal layer stage part=decode layer=10 pos=2049 tokens=1 router=0.028 ms
ds4: metal layer stage part=decode layer=10 pos=2049 tokens=1 routed_moe=0.356 ms
ds4: metal layer stage part=decode layer=10 pos=2049 tokens=1 shared_gate_up=0.099 ms
ds4: metal layer stage part=decode layer=10 pos=2049 tokens=1 shared_down=0.054 ms
ds4: metal layer stage part=decode layer=10 pos=2049 tokens=1 ffn_hc_post=0.001 ms
ds4: metal layer stage part=decode layer=11 pos=2049 tokens=1 attn_hc_pre=0.068 ms
ds4: metal layer stage part=decode layer=11 pos=2049 tokens=1 attn_norm=0.002 ms
ds4: metal layer stage part=decode layer=11 pos=2049 tokens=1 q_path=0.219 ms
ds4: metal layer stage part=decode layer=11 pos=2049 tokens=1 kv_path=0.017 ms
ds4: metal layer stage part=decode layer=11 pos=2049 tokens=1 compressor_indexer=0.082 ms
ds4: metal layer stage part=decode layer=11 pos=2049 tokens=1 attention=0.092 ms
ds4: metal layer stage part=decode layer=11 pos=2049 tokens=1 attn_output=0.340 ms
ds4: metal layer stage part=decode layer=11 pos=2049 tokens=1 attn_hc_post=0.001 ms
ds4: metal layer stage part=decode layer=11 pos=2049 tokens=1 ffn_hc_pre=0.067 ms
ds4: metal layer stage part=decode layer=11 pos=2049 tokens=1 ffn_norm=0.001 ms
ds4: metal layer stage part=decode layer=11 pos=2049 tokens=1 router=0.025 ms
ds4: metal layer stage part=decode layer=11 pos=2049 tokens=1 routed_moe=0.360 ms
ds4: metal layer stage part=decode layer=11 pos=2049 tokens=1 shared_gate_up=0.093 ms
ds4: metal layer stage part=decode layer=11 pos=2049 tokens=1 shared_down=0.048 ms
ds4: metal layer stage part=decode layer=11 pos=2049 tokens=1 ffn_hc_post=0.001 ms
ds4: metal layer stage part=decode layer=12 pos=2049 tokens=1 attn_hc_pre=0.073 ms
ds4: metal layer stage part=decode layer=12 pos=2049 tokens=1 attn_norm=0.001 ms
ds4: metal layer stage part=decode layer=12 pos=2049 tokens=1 q_path=0.211 ms
ds4: metal layer stage part=decode layer=12 pos=2049 tokens=1 kv_path=0.018 ms
ds4: metal layer stage part=decode layer=12 pos=2049 tokens=1 compressor_indexer=0.182 ms
ds4: metal layer stage part=decode layer=12 pos=2049 tokens=1 attention=0.436 ms
ds4: metal layer stage part=decode layer=12 pos=2049 tokens=1 attn_output=0.326 ms
ds4: metal layer stage part=decode layer=12 pos=2049 tokens=1 attn_hc_post=0.001 ms
ds4: metal layer stage part=decode layer=12 pos=2049 tokens=1 ffn_hc_pre=0.068 ms
ds4: metal layer stage part=decode layer=12 pos=2049 tokens=1 ffn_norm=0.001 ms
ds4: metal layer stage part=decode layer=12 pos=2049 tokens=1 router=0.024 ms
ds4: metal layer stage part=decode layer=12 pos=2049 tokens=1 routed_moe=0.350 ms
ds4: metal layer stage part=decode layer=12 pos=2049 tokens=1 shared_gate_up=0.094 ms
ds4: metal layer stage part=decode layer=12 pos=2049 tokens=1 shared_down=0.048 ms
ds4: metal layer stage part=decode layer=12 pos=2049 tokens=1 ffn_hc_post=0.001 ms
ds4: metal layer stage part=decode layer=13 pos=2049 tokens=1 attn_hc_pre=0.074 ms
ds4: metal layer stage part=decode layer=13 pos=2049 tokens=1 attn_norm=0.001 ms
ds4: metal layer stage part=decode layer=13 pos=2049 tokens=1 q_path=0.233 ms
ds4: metal layer stage part=decode layer=13 pos=2049 tokens=1 kv_path=0.019 ms
ds4: metal layer stage part=decode layer=13 pos=2049 tokens=1 compressor_indexer=0.078 ms
ds4: metal layer stage part=decode layer=13 pos=2049 tokens=1 attention=0.091 ms
ds4: metal layer stage part=decode layer=13 pos=2049 tokens=1 attn_output=0.335 ms
ds4: metal layer stage part=decode layer=13 pos=2049 tokens=1 attn_hc_post=0.001 ms
ds4: metal layer stage part=decode layer=13 pos=2049 tokens=1 ffn_hc_pre=0.070 ms
ds4: metal layer stage part=decode layer=13 pos=2049 tokens=1 ffn_norm=0.001 ms
ds4: metal layer stage part=decode layer=13 pos=2049 tokens=1 router=0.029 ms
ds4: metal layer stage part=decode layer=13 pos=2049 tokens=1 routed_moe=0.359 ms
ds4: metal layer stage part=decode layer=13 pos=2049 tokens=1 shared_gate_up=0.092 ms
ds4: metal layer stage part=decode layer=13 pos=2049 tokens=1 shared_down=0.053 ms
ds4: metal layer stage part=decode layer=13 pos=2049 tokens=1 ffn_hc_post=0.001 ms
ds4: metal layer stage part=decode layer=14 pos=2049 tokens=1 attn_hc_pre=0.072 ms
ds4: metal layer stage part=decode layer=14 pos=2049 tokens=1 attn_norm=0.001 ms
ds4: metal layer stage part=decode layer=14 pos=2049 tokens=1 q_path=0.234 ms
ds4: metal layer stage part=decode layer=14 pos=2049 tokens=1 kv_path=0.017 ms
ds4: metal layer stage part=decode layer=14 pos=2049 tokens=1 compressor_indexer=0.190 ms
ds4: metal layer stage part=decode layer=14 pos=2049 tokens=1 attention=0.429 ms
ds4: metal layer stage part=decode layer=14 pos=2049 tokens=1 attn_output=0.337 ms
ds4: metal layer stage part=decode layer=14 pos=2049 tokens=1 attn_hc_post=0.001 ms
ds4: metal layer stage part=decode layer=14 pos=2049 tokens=1 ffn_hc_pre=0.070 ms
ds4: metal layer stage part=decode layer=14 pos=2049 tokens=1 ffn_norm=0.001 ms
ds4: metal layer stage part=decode layer=14 pos=2049 tokens=1 router=0.025 ms
ds4: metal layer stage part=decode layer=14 pos=2049 tokens=1 routed_moe=0.366 ms
ds4: metal layer stage part=decode layer=14 pos=2049 tokens=1 shared_gate_up=0.095 ms
ds4: metal layer stage part=decode layer=14 pos=2049 tokens=1 shared_down=0.058 ms
ds4: metal layer stage part=decode layer=14 pos=2049 tokens=1 ffn_hc_post=0.001 ms
ds4: metal layer stage part=decode layer=15 pos=2049 tokens=1 attn_hc_pre=0.071 ms
ds4: metal layer stage part=decode layer=15 pos=2049 tokens=1 attn_norm=0.001 ms
ds4: metal layer stage part=decode layer=15 pos=2049 tokens=1 q_path=0.241 ms
ds4: metal layer stage part=decode layer=15 pos=2049 tokens=1 kv_path=0.017 ms
ds4: metal layer stage part=decode layer=15 pos=2049 tokens=1 compressor_indexer=0.081 ms
ds4: metal layer stage part=decode layer=15 pos=2049 tokens=1 attention=0.092 ms
ds4: metal layer stage part=decode layer=15 pos=2049 tokens=1 attn_output=0.332 ms
ds4: metal layer stage part=decode layer=15 pos=2049 tokens=1 attn_hc_post=0.001 ms
ds4: metal layer stage part=decode layer=15 pos=2049 tokens=1 ffn_hc_pre=0.068 ms
ds4: metal layer stage part=decode layer=15 pos=2049 tokens=1 ffn_norm=0.001 ms
ds4: metal layer stage part=decode layer=15 pos=2049 tokens=1 router=0.032 ms
ds4: metal layer stage part=decode layer=15 pos=2049 tokens=1 routed_moe=0.363 ms
ds4: metal layer stage part=decode layer=15 pos=2049 tokens=1 shared_gate_up=0.094 ms
ds4: metal layer stage part=decode layer=15 pos=2049 tokens=1 shared_down=0.053 ms
ds4: metal layer stage part=decode layer=15 pos=2049 tokens=1 ffn_hc_post=0.001 ms
ds4: metal layer stage part=decode layer=16 pos=2049 tokens=1 attn_hc_pre=0.071 ms
ds4: metal layer stage part=decode layer=16 pos=2049 tokens=1 attn_norm=0.003 ms
ds4: metal layer stage part=decode layer=16 pos=2049 tokens=1 q_path=0.223 ms
ds4: metal layer stage part=decode layer=16 pos=2049 tokens=1 kv_path=0.019 ms
ds4: metal layer stage part=decode layer=16 pos=2049 tokens=1 compressor_indexer=0.186 ms
ds4: metal layer stage part=decode layer=16 pos=2049 tokens=1 attention=0.432 ms
ds4: metal layer stage part=decode layer=16 pos=2049 tokens=1 attn_output=0.339 ms
ds4: metal layer stage part=decode layer=16 pos=2049 tokens=1 attn_hc_post=0.001 ms
ds4: metal layer stage part=decode layer=16 pos=2049 tokens=1 ffn_hc_pre=0.067 ms
ds4: metal layer stage part=decode layer=16 pos=2049 tokens=1 ffn_norm=0.001 ms
ds4: metal layer stage part=decode layer=16 pos=2049 tokens=1 router=0.029 ms
ds4: metal layer stage part=decode layer=16 pos=2049 tokens=1 routed_moe=0.354 ms
ds4: metal layer stage part=decode layer=16 pos=2049 tokens=1 shared_gate_up=0.100 ms
ds4: metal layer stage part=decode layer=16 pos=2049 tokens=1 shared_down=0.053 ms
ds4: metal layer stage part=decode layer=16 pos=2049 tokens=1 ffn_hc_post=0.001 ms
ds4: metal layer stage part=decode layer=17 pos=2049 tokens=1 attn_hc_pre=0.068 ms
ds4: metal layer stage part=decode layer=17 pos=2049 tokens=1 attn_norm=0.001 ms
ds4: metal layer stage part=decode layer=17 pos=2049 tokens=1 q_path=0.229 ms
ds4: metal layer stage part=decode layer=17 pos=2049 tokens=1 kv_path=0.019 ms
ds4: metal layer stage part=decode layer=17 pos=2049 tokens=1 compressor_indexer=0.082 ms
ds4: metal layer stage part=decode layer=17 pos=2049 tokens=1 attention=0.091 ms
ds4: metal layer stage part=decode layer=17 pos=2049 tokens=1 attn_output=0.325 ms
ds4: metal layer stage part=decode layer=17 pos=2049 tokens=1 attn_hc_post=0.001 ms
ds4: metal layer stage part=decode layer=17 pos=2049 tokens=1 ffn_hc_pre=0.070 ms
ds4: metal layer stage part=decode layer=17 pos=2049 tokens=1 ffn_norm=0.001 ms
ds4: metal layer stage part=decode layer=17 pos=2049 tokens=1 router=0.024 ms
ds4: metal layer stage part=decode layer=17 pos=2049 tokens=1 routed_moe=0.351 ms
ds4: metal layer stage part=decode layer=17 pos=2049 tokens=1 shared_gate_up=0.091 ms
ds4: metal layer stage part=decode layer=17 pos=2049 tokens=1 shared_down=0.051 ms
ds4: metal layer stage part=decode layer=17 pos=2049 tokens=1 ffn_hc_post=0.001 ms
ds4: metal layer stage part=decode layer=18 pos=2049 tokens=1 attn_hc_pre=0.068 ms
ds4: metal layer stage part=decode layer=18 pos=2049 tokens=1 attn_norm=0.001 ms
ds4: metal layer stage part=decode layer=18 pos=2049 tokens=1 q_path=0.214 ms
ds4: metal layer stage part=decode layer=18 pos=2049 tokens=1 kv_path=0.019 ms
ds4: metal layer stage part=decode layer=18 pos=2049 tokens=1 compressor_indexer=0.180 ms
ds4: metal layer stage part=decode layer=18 pos=2049 tokens=1 attention=0.431 ms
ds4: metal layer stage part=decode layer=18 pos=2049 tokens=1 attn_output=0.321 ms
ds4: metal layer stage part=decode layer=18 pos=2049 tokens=1 attn_hc_post=0.001 ms
ds4: metal layer stage part=decode layer=18 pos=2049 tokens=1 ffn_hc_pre=0.068 ms
ds4: metal layer stage part=decode layer=18 pos=2049 tokens=1 ffn_norm=0.001 ms
ds4: metal layer stage part=decode layer=18 pos=2049 tokens=1 router=0.024 ms
ds4: metal layer stage part=decode layer=18 pos=2049 tokens=1 routed_moe=0.358 ms
ds4: metal layer stage part=decode layer=18 pos=2049 tokens=1 shared_gate_up=0.089 ms
ds4: metal layer stage part=decode layer=18 pos=2049 tokens=1 shared_down=0.050 ms
ds4: metal layer stage part=decode layer=18 pos=2049 tokens=1 ffn_hc_post=0.001 ms
ds4: metal layer stage part=decode layer=19 pos=2049 tokens=1 attn_hc_pre=0.074 ms
ds4: metal layer stage part=decode layer=19 pos=2049 tokens=1 attn_norm=0.001 ms
ds4: metal layer stage part=decode layer=19 pos=2049 tokens=1 q_path=0.225 ms
ds4: metal layer stage part=decode layer=19 pos=2049 tokens=1 kv_path=0.019 ms
ds4: metal layer stage part=decode layer=19 pos=2049 tokens=1 compressor_indexer=0.078 ms
ds4: metal layer stage part=decode layer=19 pos=2049 tokens=1 attention=0.091 ms
ds4: metal layer stage part=decode layer=19 pos=2049 tokens=1 attn_output=0.326 ms
ds4: metal layer stage part=decode layer=19 pos=2049 tokens=1 attn_hc_post=0.001 ms
ds4: metal layer stage part=decode layer=19 pos=2049 tokens=1 ffn_hc_pre=0.070 ms
ds4: metal layer stage part=decode layer=19 pos=2049 tokens=1 ffn_norm=0.001 ms
ds4: metal layer stage part=decode layer=19 pos=2049 tokens=1 router=0.028 ms
ds4: metal layer stage part=decode layer=19 pos=2049 tokens=1 routed_moe=0.359 ms
ds4: metal layer stage part=decode layer=19 pos=2049 tokens=1 shared_gate_up=0.091 ms
ds4: metal layer stage part=decode layer=19 pos=2049 tokens=1 shared_down=0.052 ms
ds4: metal layer stage part=decode layer=19 pos=2049 tokens=1 ffn_hc_post=0.001 ms
ds4: metal layer stage part=decode layer=20 pos=2049 tokens=1 attn_hc_pre=0.072 ms
ds4: metal layer stage part=decode layer=20 pos=2049 tokens=1 attn_norm=0.001 ms
ds4: metal layer stage part=decode layer=20 pos=2049 tokens=1 q_path=0.227 ms
ds4: metal layer stage part=decode layer=20 pos=2049 tokens=1 kv_path=0.017 ms
ds4: metal layer stage part=decode layer=20 pos=2049 tokens=1 compressor_indexer=0.186 ms
ds4: metal layer stage part=decode layer=20 pos=2049 tokens=1 attention=0.431 ms
ds4: metal layer stage part=decode layer=20 pos=2049 tokens=1 attn_output=0.337 ms
ds4: metal layer stage part=decode layer=20 pos=2049 tokens=1 attn_hc_post=0.001 ms
ds4: metal layer stage part=decode layer=20 pos=2049 tokens=1 ffn_hc_pre=0.069 ms
ds4: metal layer stage part=decode layer=20 pos=2049 tokens=1 ffn_norm=0.001 ms
ds4: metal layer stage part=decode layer=20 pos=2049 tokens=1 router=0.029 ms
ds4: metal layer stage part=decode layer=20 pos=2049 tokens=1 routed_moe=0.353 ms
ds4: metal layer stage part=decode layer=20 pos=2049 tokens=1 shared_gate_up=0.091 ms
ds4: metal layer stage part=decode layer=20 pos=2049 tokens=1 shared_down=0.051 ms
ds4: metal layer stage part=decode layer=20 pos=2049 tokens=1 ffn_hc_post=0.001 ms
ds4: metal layer stage part=decode layer=21 pos=2049 tokens=1 attn_hc_pre=0.074 ms
ds4: metal layer stage part=decode layer=21 pos=2049 tokens=1 attn_norm=0.002 ms
ds4: metal layer stage part=decode layer=21 pos=2049 tokens=1 q_path=0.229 ms
ds4: metal layer stage part=decode layer=21 pos=2049 tokens=1 kv_path=0.017 ms
ds4: metal layer stage part=decode layer=21 pos=2049 tokens=1 compressor_indexer=0.081 ms
ds4: metal layer stage part=decode layer=21 pos=2049 tokens=1 attention=0.091 ms
ds4: metal layer stage part=decode layer=21 pos=2049 tokens=1 attn_output=0.338 ms
ds4: metal layer stage part=decode layer=21 pos=2049 tokens=1 attn_hc_post=0.001 ms
ds4: metal layer stage part=decode layer=21 pos=2049 tokens=1 ffn_hc_pre=0.072 ms
ds4: metal layer stage part=decode layer=21 pos=2049 tokens=1 ffn_norm=0.001 ms
ds4: metal layer stage part=decode layer=21 pos=2049 tokens=1 router=0.031 ms
ds4: metal layer stage part=decode layer=21 pos=2049 tokens=1 routed_moe=0.343 ms
ds4: metal layer stage part=decode layer=21 pos=2049 tokens=1 shared_gate_up=0.100 ms
ds4: metal layer stage part=decode layer=21 pos=2049 tokens=1 shared_down=0.055 ms
ds4: metal layer stage part=decode layer=21 pos=2049 tokens=1 ffn_hc_post=0.001 ms
ds4: metal layer stage part=decode layer=22 pos=2049 tokens=1 attn_hc_pre=0.074 ms
ds4: metal layer stage part=decode layer=22 pos=2049 tokens=1 attn_norm=0.001 ms
ds4: metal layer stage part=decode layer=22 pos=2049 tokens=1 q_path=0.233 ms
ds4: metal layer stage part=decode layer=22 pos=2049 tokens=1 kv_path=0.017 ms
ds4: metal layer stage part=decode layer=22 pos=2049 tokens=1 compressor_indexer=0.192 ms
ds4: metal layer stage part=decode layer=22 pos=2049 tokens=1 attention=0.431 ms
ds4: metal layer stage part=decode layer=22 pos=2049 tokens=1 attn_output=0.338 ms
ds4: metal layer stage part=decode layer=22 pos=2049 tokens=1 attn_hc_post=0.001 ms
ds4: metal layer stage part=decode layer=22 pos=2049 tokens=1 ffn_hc_pre=0.071 ms
ds4: metal layer stage part=decode layer=22 pos=2049 tokens=1 ffn_norm=0.001 ms
ds4: metal layer stage part=decode layer=22 pos=2049 tokens=1 router=0.029 ms
ds4: metal layer stage part=decode layer=22 pos=2049 tokens=1 routed_moe=0.352 ms
ds4: metal layer stage part=decode layer=22 pos=2049 tokens=1 shared_gate_up=0.094 ms
ds4: metal layer stage part=decode layer=22 pos=2049 tokens=1 shared_down=0.050 ms
ds4: metal layer stage part=decode layer=22 pos=2049 tokens=1 ffn_hc_post=0.001 ms
ds4: metal layer stage part=decode layer=23 pos=2049 tokens=1 attn_hc_pre=0.069 ms
ds4: metal layer stage part=decode layer=23 pos=2049 tokens=1 attn_norm=0.001 ms
ds4: metal layer stage part=decode layer=23 pos=2049 tokens=1 q_path=0.226 ms
ds4: metal layer stage part=decode layer=23 pos=2049 tokens=1 kv_path=0.017 ms
ds4: metal layer stage part=decode layer=23 pos=2049 tokens=1 compressor_indexer=0.077 ms
ds4: metal layer stage part=decode layer=23 pos=2049 tokens=1 attention=0.092 ms
ds4: metal layer stage part=decode layer=23 pos=2049 tokens=1 attn_output=0.325 ms
ds4: metal layer stage part=decode layer=23 pos=2049 tokens=1 attn_hc_post=0.001 ms
ds4: metal layer stage part=decode layer=23 pos=2049 tokens=1 ffn_hc_pre=0.070 ms
ds4: metal layer stage part=decode layer=23 pos=2049 tokens=1 ffn_norm=0.001 ms
ds4: metal layer stage part=decode layer=23 pos=2049 tokens=1 router=0.027 ms
ds4: metal layer stage part=decode layer=23 pos=2049 tokens=1 routed_moe=0.350 ms
ds4: metal layer stage part=decode layer=23 pos=2049 tokens=1 shared_gate_up=0.098 ms
ds4: metal layer stage part=decode layer=23 pos=2049 tokens=1 shared_down=0.051 ms
ds4: metal layer stage part=decode layer=23 pos=2049 tokens=1 ffn_hc_post=0.001 ms
ds4: metal layer stage part=decode layer=24 pos=2049 tokens=1 attn_hc_pre=0.068 ms
ds4: metal layer stage part=decode layer=24 pos=2049 tokens=1 attn_norm=0.001 ms
ds4: metal layer stage part=decode layer=24 pos=2049 tokens=1 q_path=0.224 ms
ds4: metal layer stage part=decode layer=24 pos=2049 tokens=1 kv_path=0.019 ms
ds4: metal layer stage part=decode layer=24 pos=2049 tokens=1 compressor_indexer=0.184 ms
ds4: metal layer stage part=decode layer=24 pos=2049 tokens=1 attention=0.431 ms
ds4: metal layer stage part=decode layer=24 pos=2049 tokens=1 attn_output=0.332 ms
ds4: metal layer stage part=decode layer=24 pos=2049 tokens=1 attn_hc_post=0.001 ms
ds4: metal layer stage part=decode layer=24 pos=2049 tokens=1 ffn_hc_pre=0.068 ms
ds4: metal layer stage part=decode layer=24 pos=2049 tokens=1 ffn_norm=0.001 ms
ds4: metal layer stage part=decode layer=24 pos=2049 tokens=1 router=0.028 ms
ds4: metal layer stage part=decode layer=24 pos=2049 tokens=1 routed_moe=0.358 ms
ds4: metal layer stage part=decode layer=24 pos=2049 tokens=1 shared_gate_up=0.098 ms
ds4: metal layer stage part=decode layer=24 pos=2049 tokens=1 shared_down=0.051 ms
ds4: metal layer stage part=decode layer=24 pos=2049 tokens=1 ffn_hc_post=0.001 ms
ds4: metal layer stage part=decode layer=25 pos=2049 tokens=1 attn_hc_pre=0.073 ms
ds4: metal layer stage part=decode layer=25 pos=2049 tokens=1 attn_norm=0.001 ms
ds4: metal layer stage part=decode layer=25 pos=2049 tokens=1 q_path=0.237 ms
ds4: metal layer stage part=decode layer=25 pos=2049 tokens=1 kv_path=0.017 ms
ds4: metal layer stage part=decode layer=25 pos=2049 tokens=1 compressor_indexer=0.083 ms
ds4: metal layer stage part=decode layer=25 pos=2049 tokens=1 attention=0.093 ms
ds4: metal layer stage part=decode layer=25 pos=2049 tokens=1 attn_output=0.320 ms
ds4: metal layer stage part=decode layer=25 pos=2049 tokens=1 attn_hc_post=0.001 ms
ds4: metal layer stage part=decode layer=25 pos=2049 tokens=1 ffn_hc_pre=0.068 ms
ds4: metal layer stage part=decode layer=25 pos=2049 tokens=1 ffn_norm=0.001 ms
ds4: metal layer stage part=decode layer=25 pos=2049 tokens=1 router=0.028 ms
ds4: metal layer stage part=decode layer=25 pos=2049 tokens=1 routed_moe=0.355 ms
ds4: metal layer stage part=decode layer=25 pos=2049 tokens=1 shared_gate_up=0.092 ms
ds4: metal layer stage part=decode layer=25 pos=2049 tokens=1 shared_down=0.051 ms
ds4: metal layer stage part=decode layer=25 pos=2049 tokens=1 ffn_hc_post=0.001 ms
ds4: metal layer stage part=decode layer=26 pos=2049 tokens=1 attn_hc_pre=0.074 ms
ds4: metal layer stage part=decode layer=26 pos=2049 tokens=1 attn_norm=0.001 ms
ds4: metal layer stage part=decode layer=26 pos=2049 tokens=1 q_path=0.234 ms
ds4: metal layer stage part=decode layer=26 pos=2049 tokens=1 kv_path=0.017 ms
ds4: metal layer stage part=decode layer=26 pos=2049 tokens=1 compressor_indexer=0.184 ms
ds4: metal layer stage part=decode layer=26 pos=2049 tokens=1 attention=0.431 ms
ds4: metal layer stage part=decode layer=26 pos=2049 tokens=1 attn_output=0.337 ms
ds4: metal layer stage part=decode layer=26 pos=2049 tokens=1 attn_hc_post=0.001 ms
ds4: metal layer stage part=decode layer=26 pos=2049 tokens=1 ffn_hc_pre=0.067 ms
ds4: metal layer stage part=decode layer=26 pos=2049 tokens=1 ffn_norm=0.001 ms
ds4: metal layer stage part=decode layer=26 pos=2049 tokens=1 router=0.031 ms
ds4: metal layer stage part=decode layer=26 pos=2049 tokens=1 routed_moe=0.360 ms
ds4: metal layer stage part=decode layer=26 pos=2049 tokens=1 shared_gate_up=0.094 ms
ds4: metal layer stage part=decode layer=26 pos=2049 tokens=1 shared_down=0.050 ms
ds4: metal layer stage part=decode layer=26 pos=2049 tokens=1 ffn_hc_post=0.001 ms
ds4: metal layer stage part=decode layer=27 pos=2049 tokens=1 attn_hc_pre=0.073 ms
ds4: metal layer stage part=decode layer=27 pos=2049 tokens=1 attn_norm=0.002 ms
ds4: metal layer stage part=decode layer=27 pos=2049 tokens=1 q_path=0.232 ms
ds4: metal layer stage part=decode layer=27 pos=2049 tokens=1 kv_path=0.017 ms
ds4: metal layer stage part=decode layer=27 pos=2049 tokens=1 compressor_indexer=0.079 ms
ds4: metal layer stage part=decode layer=27 pos=2049 tokens=1 attention=0.091 ms
ds4: metal layer stage part=decode layer=27 pos=2049 tokens=1 attn_output=0.332 ms
ds4: metal layer stage part=decode layer=27 pos=2049 tokens=1 attn_hc_post=0.001 ms
ds4: metal layer stage part=decode layer=27 pos=2049 tokens=1 ffn_hc_pre=0.069 ms
ds4: metal layer stage part=decode layer=27 pos=2049 tokens=1 ffn_norm=0.001 ms
ds4: metal layer stage part=decode layer=27 pos=2049 tokens=1 router=0.030 ms
ds4: metal layer stage part=decode layer=27 pos=2049 tokens=1 routed_moe=0.355 ms
ds4: metal layer stage part=decode layer=27 pos=2049 tokens=1 shared_gate_up=0.093 ms
ds4: metal layer stage part=decode layer=27 pos=2049 tokens=1 shared_down=0.056 ms
ds4: metal layer stage part=decode layer=27 pos=2049 tokens=1 ffn_hc_post=0.001 ms
ds4: metal layer stage part=decode layer=28 pos=2049 tokens=1 attn_hc_pre=0.071 ms
ds4: metal layer stage part=decode layer=28 pos=2049 tokens=1 attn_norm=0.001 ms
ds4: metal layer stage part=decode layer=28 pos=2049 tokens=1 q_path=0.230 ms
ds4: metal layer stage part=decode layer=28 pos=2049 tokens=1 kv_path=0.017 ms
ds4: metal layer stage part=decode layer=28 pos=2049 tokens=1 compressor_indexer=0.189 ms
ds4: metal layer stage part=decode layer=28 pos=2049 tokens=1 attention=0.430 ms
ds4: metal layer stage part=decode layer=28 pos=2049 tokens=1 attn_output=0.339 ms
ds4: metal layer stage part=decode layer=28 pos=2049 tokens=1 attn_hc_post=0.001 ms
ds4: metal layer stage part=decode layer=28 pos=2049 tokens=1 ffn_hc_pre=0.069 ms
ds4: metal layer stage part=decode layer=28 pos=2049 tokens=1 ffn_norm=0.001 ms
ds4: metal layer stage part=decode layer=28 pos=2049 tokens=1 router=0.024 ms
ds4: metal layer stage part=decode layer=28 pos=2049 tokens=1 routed_moe=0.345 ms
ds4: metal layer stage part=decode layer=28 pos=2049 tokens=1 shared_gate_up=0.099 ms
ds4: metal layer stage part=decode layer=28 pos=2049 tokens=1 shared_down=0.053 ms
ds4: metal layer stage part=decode layer=28 pos=2049 tokens=1 ffn_hc_post=0.001 ms
ds4: metal layer stage part=decode layer=29 pos=2049 tokens=1 attn_hc_pre=0.071 ms
ds4: metal layer stage part=decode layer=29 pos=2049 tokens=1 attn_norm=0.001 ms
ds4: metal layer stage part=decode layer=29 pos=2049 tokens=1 q_path=0.226 ms
ds4: metal layer stage part=decode layer=29 pos=2049 tokens=1 kv_path=0.017 ms
ds4: metal layer stage part=decode layer=29 pos=2049 tokens=1 compressor_indexer=0.077 ms
ds4: metal layer stage part=decode layer=29 pos=2049 tokens=1 attention=0.092 ms
ds4: metal layer stage part=decode layer=29 pos=2049 tokens=1 attn_output=0.332 ms
ds4: metal layer stage part=decode layer=29 pos=2049 tokens=1 attn_hc_post=0.001 ms
ds4: metal layer stage part=decode layer=29 pos=2049 tokens=1 ffn_hc_pre=0.067 ms
ds4: metal layer stage part=decode layer=29 pos=2049 tokens=1 ffn_norm=0.001 ms
ds4: metal layer stage part=decode layer=29 pos=2049 tokens=1 router=0.028 ms
ds4: metal layer stage part=decode layer=29 pos=2049 tokens=1 routed_moe=0.342 ms
ds4: metal layer stage part=decode layer=29 pos=2049 tokens=1 shared_gate_up=0.091 ms
ds4: metal layer stage part=decode layer=29 pos=2049 tokens=1 shared_down=0.053 ms
ds4: metal layer stage part=decode layer=29 pos=2049 tokens=1 ffn_hc_post=0.001 ms
ds4: metal layer stage part=decode layer=30 pos=2049 tokens=1 attn_hc_pre=0.072 ms
ds4: metal layer stage part=decode layer=30 pos=2049 tokens=1 attn_norm=0.001 ms
ds4: metal layer stage part=decode layer=30 pos=2049 tokens=1 q_path=0.215 ms
ds4: metal layer stage part=decode layer=30 pos=2049 tokens=1 kv_path=0.019 ms
ds4: metal layer stage part=decode layer=30 pos=2049 tokens=1 compressor_indexer=0.187 ms
ds4: metal layer stage part=decode layer=30 pos=2049 tokens=1 attention=0.430 ms
ds4: metal layer stage part=decode layer=30 pos=2049 tokens=1 attn_output=0.336 ms
ds4: metal layer stage part=decode layer=30 pos=2049 tokens=1 attn_hc_post=0.001 ms
ds4: metal layer stage part=decode layer=30 pos=2049 tokens=1 ffn_hc_pre=0.068 ms
ds4: metal layer stage part=decode layer=30 pos=2049 tokens=1 ffn_norm=0.001 ms
ds4: metal layer stage part=decode layer=30 pos=2049 tokens=1 router=0.029 ms
ds4: metal layer stage part=decode layer=30 pos=2049 tokens=1 routed_moe=0.351 ms
ds4: metal layer stage part=decode layer=30 pos=2049 tokens=1 shared_gate_up=0.095 ms
ds4: metal layer stage part=decode layer=30 pos=2049 tokens=1 shared_down=0.050 ms
ds4: metal layer stage part=decode layer=30 pos=2049 tokens=1 ffn_hc_post=0.001 ms
ds4: metal layer stage part=decode layer=31 pos=2049 tokens=1 attn_hc_pre=0.068 ms
ds4: metal layer stage part=decode layer=31 pos=2049 tokens=1 attn_norm=0.001 ms
ds4: metal layer stage part=decode layer=31 pos=2049 tokens=1 q_path=0.213 ms
ds4: metal layer stage part=decode layer=31 pos=2049 tokens=1 kv_path=0.017 ms
ds4: metal layer stage part=decode layer=31 pos=2049 tokens=1 compressor_indexer=0.078 ms
ds4: metal layer stage part=decode layer=31 pos=2049 tokens=1 attention=0.094 ms
ds4: metal layer stage part=decode layer=31 pos=2049 tokens=1 attn_output=0.325 ms
ds4: metal layer stage part=decode layer=31 pos=2049 tokens=1 attn_hc_post=0.001 ms
ds4: metal layer stage part=decode layer=31 pos=2049 tokens=1 ffn_hc_pre=0.068 ms
ds4: metal layer stage part=decode layer=31 pos=2049 tokens=1 ffn_norm=0.001 ms
ds4: metal layer stage part=decode layer=31 pos=2049 tokens=1 router=0.024 ms
ds4: metal layer stage part=decode layer=31 pos=2049 tokens=1 routed_moe=0.337 ms
ds4: metal layer stage part=decode layer=31 pos=2049 tokens=1 shared_gate_up=0.094 ms
ds4: metal layer stage part=decode layer=31 pos=2049 tokens=1 shared_down=0.049 ms
ds4: metal layer stage part=decode layer=31 pos=2049 tokens=1 ffn_hc_post=0.001 ms
ds4: metal layer stage part=decode layer=32 pos=2049 tokens=1 attn_hc_pre=0.074 ms
ds4: metal layer stage part=decode layer=32 pos=2049 tokens=1 attn_norm=0.001 ms
ds4: metal layer stage part=decode layer=32 pos=2049 tokens=1 q_path=0.232 ms
ds4: metal layer stage part=decode layer=32 pos=2049 tokens=1 kv_path=0.017 ms
ds4: metal layer stage part=decode layer=32 pos=2049 tokens=1 compressor_indexer=0.179 ms
ds4: metal layer stage part=decode layer=32 pos=2049 tokens=1 attention=0.432 ms
ds4: metal layer stage part=decode layer=32 pos=2049 tokens=1 attn_output=0.337 ms
ds4: metal layer stage part=decode layer=32 pos=2049 tokens=1 attn_hc_post=0.001 ms
ds4: metal layer stage part=decode layer=32 pos=2049 tokens=1 ffn_hc_pre=0.068 ms
ds4: metal layer stage part=decode layer=32 pos=2049 tokens=1 ffn_norm=0.002 ms
ds4: metal layer stage part=decode layer=32 pos=2049 tokens=1 router=0.028 ms
ds4: metal layer stage part=decode layer=32 pos=2049 tokens=1 routed_moe=0.349 ms
ds4: metal layer stage part=decode layer=32 pos=2049 tokens=1 shared_gate_up=0.094 ms
ds4: metal layer stage part=decode layer=32 pos=2049 tokens=1 shared_down=0.052 ms
ds4: metal layer stage part=decode layer=32 pos=2049 tokens=1 ffn_hc_post=0.001 ms
ds4: metal layer stage part=decode layer=33 pos=2049 tokens=1 attn_hc_pre=0.073 ms
ds4: metal layer stage part=decode layer=33 pos=2049 tokens=1 attn_norm=0.001 ms
ds4: metal layer stage part=decode layer=33 pos=2049 tokens=1 q_path=0.224 ms
ds4: metal layer stage part=decode layer=33 pos=2049 tokens=1 kv_path=0.017 ms
ds4: metal layer stage part=decode layer=33 pos=2049 tokens=1 compressor_indexer=0.076 ms
ds4: metal layer stage part=decode layer=33 pos=2049 tokens=1 attention=0.092 ms
ds4: metal layer stage part=decode layer=33 pos=2049 tokens=1 attn_output=0.330 ms
ds4: metal layer stage part=decode layer=33 pos=2049 tokens=1 attn_hc_post=0.001 ms
ds4: metal layer stage part=decode layer=33 pos=2049 tokens=1 ffn_hc_pre=0.071 ms
ds4: metal layer stage part=decode layer=33 pos=2049 tokens=1 ffn_norm=0.001 ms
ds4: metal layer stage part=decode layer=33 pos=2049 tokens=1 router=0.029 ms
ds4: metal layer stage part=decode layer=33 pos=2049 tokens=1 routed_moe=0.347 ms
ds4: metal layer stage part=decode layer=33 pos=2049 tokens=1 shared_gate_up=0.092 ms
ds4: metal layer stage part=decode layer=33 pos=2049 tokens=1 shared_down=0.052 ms
ds4: metal layer stage part=decode layer=33 pos=2049 tokens=1 ffn_hc_post=0.001 ms
ds4: metal layer stage part=decode layer=34 pos=2049 tokens=1 attn_hc_pre=0.074 ms
ds4: metal layer stage part=decode layer=34 pos=2049 tokens=1 attn_norm=0.001 ms
ds4: metal layer stage part=decode layer=34 pos=2049 tokens=1 q_path=0.234 ms
ds4: metal layer stage part=decode layer=34 pos=2049 tokens=1 kv_path=0.017 ms
ds4: metal layer stage part=decode layer=34 pos=2049 tokens=1 compressor_indexer=0.190 ms
ds4: metal layer stage part=decode layer=34 pos=2049 tokens=1 attention=0.428 ms
ds4: metal layer stage part=decode layer=34 pos=2049 tokens=1 attn_output=0.337 ms
ds4: metal layer stage part=decode layer=34 pos=2049 tokens=1 attn_hc_post=0.001 ms
ds4: metal layer stage part=decode layer=34 pos=2049 tokens=1 ffn_hc_pre=0.071 ms
ds4: metal layer stage part=decode layer=34 pos=2049 tokens=1 ffn_norm=0.001 ms
ds4: metal layer stage part=decode layer=34 pos=2049 tokens=1 router=0.030 ms
ds4: metal layer stage part=decode layer=34 pos=2049 tokens=1 routed_moe=0.353 ms
ds4: metal layer stage part=decode layer=34 pos=2049 tokens=1 shared_gate_up=0.092 ms
ds4: metal layer stage part=decode layer=34 pos=2049 tokens=1 shared_down=0.052 ms
ds4: metal layer stage part=decode layer=34 pos=2049 tokens=1 ffn_hc_post=0.001 ms
ds4: metal layer stage part=decode layer=35 pos=2049 tokens=1 attn_hc_pre=0.069 ms
ds4: metal layer stage part=decode layer=35 pos=2049 tokens=1 attn_norm=0.001 ms
ds4: metal layer stage part=decode layer=35 pos=2049 tokens=1 q_path=0.238 ms
ds4: metal layer stage part=decode layer=35 pos=2049 tokens=1 kv_path=0.017 ms
ds4: metal layer stage part=decode layer=35 pos=2049 tokens=1 compressor_indexer=0.083 ms
ds4: metal layer stage part=decode layer=35 pos=2049 tokens=1 attention=0.094 ms
ds4: metal layer stage part=decode layer=35 pos=2049 tokens=1 attn_output=0.343 ms
ds4: metal layer stage part=decode layer=35 pos=2049 tokens=1 attn_hc_post=0.001 ms
ds4: metal layer stage part=decode layer=35 pos=2049 tokens=1 ffn_hc_pre=0.068 ms
ds4: metal layer stage part=decode layer=35 pos=2049 tokens=1 ffn_norm=0.001 ms
ds4: metal layer stage part=decode layer=35 pos=2049 tokens=1 router=0.030 ms
ds4: metal layer stage part=decode layer=35 pos=2049 tokens=1 routed_moe=0.351 ms
ds4: metal layer stage part=decode layer=35 pos=2049 tokens=1 shared_gate_up=0.090 ms
ds4: metal layer stage part=decode layer=35 pos=2049 tokens=1 shared_down=0.049 ms
ds4: metal layer stage part=decode layer=35 pos=2049 tokens=1 ffn_hc_post=0.001 ms
ds4: metal layer stage part=decode layer=36 pos=2049 tokens=1 attn_hc_pre=0.071 ms
ds4: metal layer stage part=decode layer=36 pos=2049 tokens=1 attn_norm=0.001 ms
ds4: metal layer stage part=decode layer=36 pos=2049 tokens=1 q_path=0.232 ms
ds4: metal layer stage part=decode layer=36 pos=2049 tokens=1 kv_path=0.017 ms
ds4: metal layer stage part=decode layer=36 pos=2049 tokens=1 compressor_indexer=0.184 ms
ds4: metal layer stage part=decode layer=36 pos=2049 tokens=1 attention=0.434 ms
ds4: metal layer stage part=decode layer=36 pos=2049 tokens=1 attn_output=0.333 ms
ds4: metal layer stage part=decode layer=36 pos=2049 tokens=1 attn_hc_post=0.001 ms
ds4: metal layer stage part=decode layer=36 pos=2049 tokens=1 ffn_hc_pre=0.068 ms
ds4: metal layer stage part=decode layer=36 pos=2049 tokens=1 ffn_norm=0.001 ms
ds4: metal layer stage part=decode layer=36 pos=2049 tokens=1 router=0.031 ms
ds4: metal layer stage part=decode layer=36 pos=2049 tokens=1 routed_moe=0.338 ms
ds4: metal layer stage part=decode layer=36 pos=2049 tokens=1 shared_gate_up=0.089 ms
ds4: metal layer stage part=decode layer=36 pos=2049 tokens=1 shared_down=0.049 ms
ds4: metal layer stage part=decode layer=36 pos=2049 tokens=1 ffn_hc_post=0.001 ms
ds4: metal layer stage part=decode layer=37 pos=2049 tokens=1 attn_hc_pre=0.068 ms
ds4: metal layer stage part=decode layer=37 pos=2049 tokens=1 attn_norm=0.001 ms
ds4: metal layer stage part=decode layer=37 pos=2049 tokens=1 q_path=0.220 ms
ds4: metal layer stage part=decode layer=37 pos=2049 tokens=1 kv_path=0.019 ms
ds4: metal layer stage part=decode layer=37 pos=2049 tokens=1 compressor_indexer=0.081 ms
ds4: metal layer stage part=decode layer=37 pos=2049 tokens=1 attention=0.091 ms
ds4: metal layer stage part=decode layer=37 pos=2049 tokens=1 attn_output=0.323 ms
ds4: metal layer stage part=decode layer=37 pos=2049 tokens=1 attn_hc_post=0.001 ms
ds4: metal layer stage part=decode layer=37 pos=2049 tokens=1 ffn_hc_pre=0.068 ms
ds4: metal layer stage part=decode layer=37 pos=2049 tokens=1 ffn_norm=0.001 ms
ds4: metal layer stage part=decode layer=37 pos=2049 tokens=1 router=0.024 ms
ds4: metal layer stage part=decode layer=37 pos=2049 tokens=1 routed_moe=0.347 ms
ds4: metal layer stage part=decode layer=37 pos=2049 tokens=1 shared_gate_up=0.090 ms
ds4: metal layer stage part=decode layer=37 pos=2049 tokens=1 shared_down=0.050 ms
ds4: metal layer stage part=decode layer=37 pos=2049 tokens=1 ffn_hc_post=0.001 ms
ds4: metal layer stage part=decode layer=38 pos=2049 tokens=1 attn_hc_pre=0.073 ms
ds4: metal layer stage part=decode layer=38 pos=2049 tokens=1 attn_norm=0.001 ms
ds4: metal layer stage part=decode layer=38 pos=2049 tokens=1 q_path=0.230 ms
ds4: metal layer stage part=decode layer=38 pos=2049 tokens=1 kv_path=0.019 ms
ds4: metal layer stage part=decode layer=38 pos=2049 tokens=1 compressor_indexer=0.188 ms
ds4: metal layer stage part=decode layer=38 pos=2049 tokens=1 attention=0.430 ms
ds4: metal layer stage part=decode layer=38 pos=2049 tokens=1 attn_output=0.334 ms
ds4: metal layer stage part=decode layer=38 pos=2049 tokens=1 attn_hc_post=0.001 ms
ds4: metal layer stage part=decode layer=38 pos=2049 tokens=1 ffn_hc_pre=0.069 ms
ds4: metal layer stage part=decode layer=38 pos=2049 tokens=1 ffn_norm=0.001 ms
ds4: metal layer stage part=decode layer=38 pos=2049 tokens=1 router=0.028 ms
ds4: metal layer stage part=decode layer=38 pos=2049 tokens=1 routed_moe=0.351 ms
ds4: metal layer stage part=decode layer=38 pos=2049 tokens=1 shared_gate_up=0.091 ms
ds4: metal layer stage part=decode layer=38 pos=2049 tokens=1 shared_down=0.054 ms
ds4: metal layer stage part=decode layer=38 pos=2049 tokens=1 ffn_hc_post=0.001 ms
ds4: metal layer stage part=decode layer=39 pos=2049 tokens=1 attn_hc_pre=0.072 ms
ds4: metal layer stage part=decode layer=39 pos=2049 tokens=1 attn_norm=0.001 ms
ds4: metal layer stage part=decode layer=39 pos=2049 tokens=1 q_path=0.237 ms
ds4: metal layer stage part=decode layer=39 pos=2049 tokens=1 kv_path=0.019 ms
ds4: metal layer stage part=decode layer=39 pos=2049 tokens=1 compressor_indexer=0.082 ms
ds4: metal layer stage part=decode layer=39 pos=2049 tokens=1 attention=0.093 ms
ds4: metal layer stage part=decode layer=39 pos=2049 tokens=1 attn_output=0.338 ms
ds4: metal layer stage part=decode layer=39 pos=2049 tokens=1 attn_hc_post=0.001 ms
ds4: metal layer stage part=decode layer=39 pos=2049 tokens=1 ffn_hc_pre=0.068 ms
ds4: metal layer stage part=decode layer=39 pos=2049 tokens=1 ffn_norm=0.001 ms
ds4: metal layer stage part=decode layer=39 pos=2049 tokens=1 router=0.025 ms
ds4: metal layer stage part=decode layer=39 pos=2049 tokens=1 routed_moe=0.362 ms
ds4: metal layer stage part=decode layer=39 pos=2049 tokens=1 shared_gate_up=0.091 ms
ds4: metal layer stage part=decode layer=39 pos=2049 tokens=1 shared_down=0.054 ms
ds4: metal layer stage part=decode layer=39 pos=2049 tokens=1 ffn_hc_post=0.001 ms
ds4: metal layer stage part=decode layer=40 pos=2049 tokens=1 attn_hc_pre=0.071 ms
ds4: metal layer stage part=decode layer=40 pos=2049 tokens=1 attn_norm=0.001 ms
ds4: metal layer stage part=decode layer=40 pos=2049 tokens=1 q_path=0.234 ms
ds4: metal layer stage part=decode layer=40 pos=2049 tokens=1 kv_path=0.019 ms
ds4: metal layer stage part=decode layer=40 pos=2049 tokens=1 compressor_indexer=0.190 ms
ds4: metal layer stage part=decode layer=40 pos=2049 tokens=1 attention=0.432 ms
ds4: metal layer stage part=decode layer=40 pos=2049 tokens=1 attn_output=0.334 ms
ds4: metal layer stage part=decode layer=40 pos=2049 tokens=1 attn_hc_post=0.001 ms
ds4: metal layer stage part=decode layer=40 pos=2049 tokens=1 ffn_hc_pre=0.068 ms
ds4: metal layer stage part=decode layer=40 pos=2049 tokens=1 ffn_norm=0.001 ms
ds4: metal layer stage part=decode layer=40 pos=2049 tokens=1 router=0.028 ms
ds4: metal layer stage part=decode layer=40 pos=2049 tokens=1 routed_moe=0.354 ms
ds4: metal layer stage part=decode layer=40 pos=2049 tokens=1 shared_gate_up=0.094 ms
ds4: metal layer stage part=decode layer=40 pos=2049 tokens=1 shared_down=0.054 ms
ds4: metal layer stage part=decode layer=40 pos=2049 tokens=1 ffn_hc_post=0.001 ms
ds4: metal layer stage part=decode layer=41 pos=2049 tokens=1 attn_hc_pre=0.073 ms
ds4: metal layer stage part=decode layer=41 pos=2049 tokens=1 attn_norm=0.001 ms
ds4: metal layer stage part=decode layer=41 pos=2049 tokens=1 q_path=0.229 ms
ds4: metal layer stage part=decode layer=41 pos=2049 tokens=1 kv_path=0.017 ms
ds4: metal layer stage part=decode layer=41 pos=2049 tokens=1 compressor_indexer=0.075 ms
ds4: metal layer stage part=decode layer=41 pos=2049 tokens=1 attention=0.093 ms
ds4: metal layer stage part=decode layer=41 pos=2049 tokens=1 attn_output=0.337 ms
ds4: metal layer stage part=decode layer=41 pos=2049 tokens=1 attn_hc_post=0.001 ms
ds4: metal layer stage part=decode layer=41 pos=2049 tokens=1 ffn_hc_pre=0.067 ms
ds4: metal layer stage part=decode layer=41 pos=2049 tokens=1 ffn_norm=0.001 ms
ds4: metal layer stage part=decode layer=41 pos=2049 tokens=1 router=0.030 ms
ds4: metal layer stage part=decode layer=41 pos=2049 tokens=1 routed_moe=0.355 ms
ds4: metal layer stage part=decode layer=41 pos=2049 tokens=1 shared_gate_up=0.099 ms
ds4: metal layer stage part=decode layer=41 pos=2049 tokens=1 shared_down=0.052 ms
ds4: metal layer stage part=decode layer=41 pos=2049 tokens=1 ffn_hc_post=0.001 ms
ds4: metal layer stage part=decode layer=42 pos=2049 tokens=1 attn_hc_pre=0.073 ms
ds4: metal layer stage part=decode layer=42 pos=2049 tokens=1 attn_norm=0.001 ms
ds4: metal layer stage part=decode layer=42 pos=2049 tokens=1 q_path=0.221 ms
ds4: metal layer stage part=decode layer=42 pos=2049 tokens=1 kv_path=0.017 ms
ds4: metal layer stage part=decode layer=42 pos=2049 tokens=1 compressor_indexer=0.181 ms
ds4: metal layer stage part=decode layer=42 pos=2049 tokens=1 attention=0.430 ms
ds4: metal layer stage part=decode layer=42 pos=2049 tokens=1 attn_output=0.334 ms
ds4: metal layer stage part=decode layer=42 pos=2049 tokens=1 attn_hc_post=0.001 ms
ds4: metal layer stage part=decode layer=42 pos=2049 tokens=1 ffn_hc_pre=0.070 ms
ds4: metal layer stage part=decode layer=42 pos=2049 tokens=1 ffn_norm=0.001 ms
ds4: metal layer stage part=decode layer=42 pos=2049 tokens=1 router=0.029 ms
ds4: metal layer stage part=decode layer=42 pos=2049 tokens=1 routed_moe=0.356 ms
ds4: metal layer stage part=decode layer=42 pos=2049 tokens=1 shared_gate_up=0.098 ms
ds4: metal layer stage part=decode layer=42 pos=2049 tokens=1 shared_down=0.049 ms
ds4: metal layer stage part=decode layer=42 pos=2049 tokens=1 ffn_hc_post=0.001 ms
