ds4-bench: context buffers 1896.58 MiB (ctx=100000, backend=cuda, prefill_chunk=2048, raw_kv_rows=2304, compressed_kv_rows=25002)
ds4: CUDA backend initialized on NVIDIA GB10 (sm_121)
ds4: CUDA using unordered one-token F16 matmul (Blackwell sm_121)
ds4: CUDA host registration skipped: operation not supported
ds4: CUDA loading model tensors into device cache
ds4: CUDA loading model tensors 16.02 GiB cached
ds4: CUDA loading model tensors 32.06 GiB cached
ds4: CUDA loading model tensors 48.02 GiB cached
ds4: CUDA loading model tensors 64.06 GiB cached
ds4: CUDA loading model tensors 80.04 GiB cached
ds4: CUDA startup model cache prepared 80.76 GiB of tensor spans in 19.412s
ds4: cuda backend initialized for graph diagnostics
ds4: metal layer stage part=decode layer=0 pos=8192 tokens=1 attn_hc_pre=0.048 ms
ds4: metal layer stage part=decode layer=0 pos=8192 tokens=1 attn_norm=0.036 ms
ds4: metal layer stage part=decode layer=0 pos=8192 tokens=1 q_path=0.252 ms
ds4: metal layer stage part=decode layer=0 pos=8192 tokens=1 kv_path=0.026 ms
ds4: metal layer stage part=decode layer=0 pos=8192 tokens=1 compressor_indexer=0.002 ms
ds4: metal layer stage part=decode layer=0 pos=8192 tokens=1 attention=0.085 ms
ds4: metal layer stage part=decode layer=0 pos=8192 tokens=1 attn_output=0.353 ms
ds4: metal layer stage part=decode layer=0 pos=8192 tokens=1 attn_hc_post=0.002 ms
ds4: metal layer stage part=decode layer=0 pos=8192 tokens=1 ffn_hc_pre=0.026 ms
ds4: metal layer stage part=decode layer=0 pos=8192 tokens=1 ffn_norm=0.002 ms
ds4: metal layer stage part=decode layer=0 pos=8192 tokens=1 router=0.032 ms
ds4: metal layer stage part=decode layer=0 pos=8192 tokens=1 routed_moe=0.421 ms
ds4: metal layer stage part=decode layer=0 pos=8192 tokens=1 shared_gate_up=0.106 ms
ds4: metal layer stage part=decode layer=0 pos=8192 tokens=1 shared_down=0.070 ms
ds4: metal layer stage part=decode layer=0 pos=8192 tokens=1 ffn_hc_post=0.002 ms
ds4: metal layer stage part=decode layer=1 pos=8192 tokens=1 attn_hc_pre=0.030 ms
ds4: metal layer stage part=decode layer=1 pos=8192 tokens=1 attn_norm=0.002 ms
ds4: metal layer stage part=decode layer=1 pos=8192 tokens=1 q_path=0.214 ms
ds4: metal layer stage part=decode layer=1 pos=8192 tokens=1 kv_path=0.016 ms
ds4: metal layer stage part=decode layer=1 pos=8192 tokens=1 compressor_indexer=0.002 ms
ds4: metal layer stage part=decode layer=1 pos=8192 tokens=1 attention=0.073 ms
ds4: metal layer stage part=decode layer=1 pos=8192 tokens=1 attn_output=0.319 ms
ds4: metal layer stage part=decode layer=1 pos=8192 tokens=1 attn_hc_post=0.002 ms
ds4: metal layer stage part=decode layer=1 pos=8192 tokens=1 ffn_hc_pre=0.029 ms
ds4: metal layer stage part=decode layer=1 pos=8192 tokens=1 ffn_norm=0.002 ms
ds4: metal layer stage part=decode layer=1 pos=8192 tokens=1 router=0.030 ms
ds4: metal layer stage part=decode layer=1 pos=8192 tokens=1 routed_moe=0.357 ms
ds4: metal layer stage part=decode layer=1 pos=8192 tokens=1 shared_gate_up=0.091 ms
ds4: metal layer stage part=decode layer=1 pos=8192 tokens=1 shared_down=0.057 ms
ds4: metal layer stage part=decode layer=1 pos=8192 tokens=1 ffn_hc_post=0.002 ms
ds4: metal layer stage part=decode layer=2 pos=8192 tokens=1 attn_hc_pre=0.028 ms
ds4: metal layer stage part=decode layer=2 pos=8192 tokens=1 attn_norm=0.002 ms
ds4: metal layer stage part=decode layer=2 pos=8192 tokens=1 q_path=0.215 ms
ds4: metal layer stage part=decode layer=2 pos=8192 tokens=1 kv_path=0.014 ms
ds4: metal layer stage part=decode layer=2 pos=8192 tokens=1 compressor_indexer=0.315 ms
ds4: metal layer stage part=decode layer=2 pos=8192 tokens=1 attention=0.201 ms
ds4: metal layer stage part=decode layer=2 pos=8192 tokens=1 attn_output=0.311 ms
ds4: metal layer stage part=decode layer=2 pos=8192 tokens=1 attn_hc_post=0.002 ms
ds4: metal layer stage part=decode layer=2 pos=8192 tokens=1 ffn_hc_pre=0.028 ms
ds4: metal layer stage part=decode layer=2 pos=8192 tokens=1 ffn_norm=0.001 ms
ds4: metal layer stage part=decode layer=2 pos=8192 tokens=1 router=0.030 ms
ds4: metal layer stage part=decode layer=2 pos=8192 tokens=1 routed_moe=0.355 ms
ds4: metal layer stage part=decode layer=2 pos=8192 tokens=1 shared_gate_up=0.102 ms
ds4: metal layer stage part=decode layer=2 pos=8192 tokens=1 shared_down=0.050 ms
ds4: metal layer stage part=decode layer=2 pos=8192 tokens=1 ffn_hc_post=0.001 ms
ds4: metal layer stage part=decode layer=3 pos=8192 tokens=1 attn_hc_pre=0.028 ms
ds4: metal layer stage part=decode layer=3 pos=8192 tokens=1 attn_norm=0.001 ms
ds4: metal layer stage part=decode layer=3 pos=8192 tokens=1 q_path=0.219 ms
ds4: metal layer stage part=decode layer=3 pos=8192 tokens=1 kv_path=0.014 ms
ds4: metal layer stage part=decode layer=3 pos=8192 tokens=1 compressor_indexer=0.048 ms
ds4: metal layer stage part=decode layer=3 pos=8192 tokens=1 attention=0.108 ms
ds4: metal layer stage part=decode layer=3 pos=8192 tokens=1 attn_output=0.319 ms
ds4: metal layer stage part=decode layer=3 pos=8192 tokens=1 attn_hc_post=0.002 ms
ds4: metal layer stage part=decode layer=3 pos=8192 tokens=1 ffn_hc_pre=0.025 ms
ds4: metal layer stage part=decode layer=3 pos=8192 tokens=1 ffn_norm=0.001 ms
ds4: metal layer stage part=decode layer=3 pos=8192 tokens=1 router=0.029 ms
ds4: metal layer stage part=decode layer=3 pos=8192 tokens=1 routed_moe=0.359 ms
ds4: metal layer stage part=decode layer=3 pos=8192 tokens=1 shared_gate_up=0.097 ms
ds4: metal layer stage part=decode layer=3 pos=8192 tokens=1 shared_down=0.052 ms
ds4: metal layer stage part=decode layer=3 pos=8192 tokens=1 ffn_hc_post=0.001 ms
ds4: metal layer stage part=decode layer=4 pos=8192 tokens=1 attn_hc_pre=0.028 ms
ds4: metal layer stage part=decode layer=4 pos=8192 tokens=1 attn_norm=0.001 ms
ds4: metal layer stage part=decode layer=4 pos=8192 tokens=1 q_path=0.213 ms
ds4: metal layer stage part=decode layer=4 pos=8192 tokens=1 kv_path=0.013 ms
ds4: metal layer stage part=decode layer=4 pos=8192 tokens=1 compressor_indexer=0.278 ms
ds4: metal layer stage part=decode layer=4 pos=8192 tokens=1 attention=0.187 ms
ds4: metal layer stage part=decode layer=4 pos=8192 tokens=1 attn_output=0.317 ms
ds4: metal layer stage part=decode layer=4 pos=8192 tokens=1 attn_hc_post=0.001 ms
ds4: metal layer stage part=decode layer=4 pos=8192 tokens=1 ffn_hc_pre=0.025 ms
ds4: metal layer stage part=decode layer=4 pos=8192 tokens=1 ffn_norm=0.001 ms
ds4: metal layer stage part=decode layer=4 pos=8192 tokens=1 router=0.028 ms
ds4: metal layer stage part=decode layer=4 pos=8192 tokens=1 routed_moe=0.350 ms
ds4: metal layer stage part=decode layer=4 pos=8192 tokens=1 shared_gate_up=0.088 ms
ds4: metal layer stage part=decode layer=4 pos=8192 tokens=1 shared_down=0.051 ms
ds4: metal layer stage part=decode layer=4 pos=8192 tokens=1 ffn_hc_post=0.001 ms
ds4: metal layer stage part=decode layer=5 pos=8192 tokens=1 attn_hc_pre=0.030 ms
ds4: metal layer stage part=decode layer=5 pos=8192 tokens=1 attn_norm=0.001 ms
ds4: metal layer stage part=decode layer=5 pos=8192 tokens=1 q_path=0.214 ms
ds4: metal layer stage part=decode layer=5 pos=8192 tokens=1 kv_path=0.013 ms
ds4: metal layer stage part=decode layer=5 pos=8192 tokens=1 compressor_indexer=0.052 ms
ds4: metal layer stage part=decode layer=5 pos=8192 tokens=1 attention=0.106 ms
ds4: metal layer stage part=decode layer=5 pos=8192 tokens=1 attn_output=0.322 ms
ds4: metal layer stage part=decode layer=5 pos=8192 tokens=1 attn_hc_post=0.001 ms
ds4: metal layer stage part=decode layer=5 pos=8192 tokens=1 ffn_hc_pre=0.026 ms
ds4: metal layer stage part=decode layer=5 pos=8192 tokens=1 ffn_norm=0.001 ms
ds4: metal layer stage part=decode layer=5 pos=8192 tokens=1 router=0.028 ms
ds4: metal layer stage part=decode layer=5 pos=8192 tokens=1 routed_moe=0.362 ms
ds4: metal layer stage part=decode layer=5 pos=8192 tokens=1 shared_gate_up=0.095 ms
ds4: metal layer stage part=decode layer=5 pos=8192 tokens=1 shared_down=0.054 ms
ds4: metal layer stage part=decode layer=5 pos=8192 tokens=1 ffn_hc_post=0.001 ms
ds4: metal layer stage part=decode layer=6 pos=8192 tokens=1 attn_hc_pre=0.029 ms
ds4: metal layer stage part=decode layer=6 pos=8192 tokens=1 attn_norm=0.001 ms
ds4: metal layer stage part=decode layer=6 pos=8192 tokens=1 q_path=0.226 ms
ds4: metal layer stage part=decode layer=6 pos=8192 tokens=1 kv_path=0.014 ms
ds4: metal layer stage part=decode layer=6 pos=8192 tokens=1 compressor_indexer=0.269 ms
ds4: metal layer stage part=decode layer=6 pos=8192 tokens=1 attention=0.175 ms
ds4: metal layer stage part=decode layer=6 pos=8192 tokens=1 attn_output=0.358 ms
ds4: metal layer stage part=decode layer=6 pos=8192 tokens=1 attn_hc_post=0.001 ms
ds4: metal layer stage part=decode layer=6 pos=8192 tokens=1 ffn_hc_pre=0.058 ms
ds4: metal layer stage part=decode layer=6 pos=8192 tokens=1 ffn_norm=0.001 ms
ds4: metal layer stage part=decode layer=6 pos=8192 tokens=1 router=0.030 ms
ds4: metal layer stage part=decode layer=6 pos=8192 tokens=1 routed_moe=0.365 ms
ds4: metal layer stage part=decode layer=6 pos=8192 tokens=1 shared_gate_up=0.095 ms
ds4: metal layer stage part=decode layer=6 pos=8192 tokens=1 shared_down=0.056 ms
ds4: metal layer stage part=decode layer=6 pos=8192 tokens=1 ffn_hc_post=0.001 ms
ds4: metal layer stage part=decode layer=7 pos=8192 tokens=1 attn_hc_pre=0.049 ms
ds4: metal layer stage part=decode layer=7 pos=8192 tokens=1 attn_norm=0.001 ms
ds4: metal layer stage part=decode layer=7 pos=8192 tokens=1 q_path=0.373 ms
ds4: metal layer stage part=decode layer=7 pos=8192 tokens=1 kv_path=0.026 ms
ds4: metal layer stage part=decode layer=7 pos=8192 tokens=1 compressor_indexer=0.049 ms
ds4: metal layer stage part=decode layer=7 pos=8192 tokens=1 attention=0.336 ms
ds4: metal layer stage part=decode layer=7 pos=8192 tokens=1 attn_output=0.321 ms
ds4: metal layer stage part=decode layer=7 pos=8192 tokens=1 attn_hc_post=0.001 ms
ds4: metal layer stage part=decode layer=7 pos=8192 tokens=1 ffn_hc_pre=0.026 ms
ds4: metal layer stage part=decode layer=7 pos=8192 tokens=1 ffn_norm=0.001 ms
ds4: metal layer stage part=decode layer=7 pos=8192 tokens=1 router=0.031 ms
ds4: metal layer stage part=decode layer=7 pos=8192 tokens=1 routed_moe=0.358 ms
ds4: metal layer stage part=decode layer=7 pos=8192 tokens=1 shared_gate_up=0.093 ms
ds4: metal layer stage part=decode layer=7 pos=8192 tokens=1 shared_down=0.059 ms
ds4: metal layer stage part=decode layer=7 pos=8192 tokens=1 ffn_hc_post=0.001 ms
ds4: metal layer stage part=decode layer=8 pos=8192 tokens=1 attn_hc_pre=0.028 ms
ds4: metal layer stage part=decode layer=8 pos=8192 tokens=1 attn_norm=0.001 ms
ds4: metal layer stage part=decode layer=8 pos=8192 tokens=1 q_path=0.228 ms
ds4: metal layer stage part=decode layer=8 pos=8192 tokens=1 kv_path=0.015 ms
ds4: metal layer stage part=decode layer=8 pos=8192 tokens=1 compressor_indexer=0.272 ms
ds4: metal layer stage part=decode layer=8 pos=8192 tokens=1 attention=0.178 ms
ds4: metal layer stage part=decode layer=8 pos=8192 tokens=1 attn_output=0.441 ms
ds4: metal layer stage part=decode layer=8 pos=8192 tokens=1 attn_hc_post=0.002 ms
ds4: metal layer stage part=decode layer=8 pos=8192 tokens=1 ffn_hc_pre=0.050 ms
ds4: metal layer stage part=decode layer=8 pos=8192 tokens=1 ffn_norm=0.001 ms
ds4: metal layer stage part=decode layer=8 pos=8192 tokens=1 router=0.050 ms
ds4: metal layer stage part=decode layer=8 pos=8192 tokens=1 routed_moe=0.381 ms
ds4: metal layer stage part=decode layer=8 pos=8192 tokens=1 shared_gate_up=0.090 ms
ds4: metal layer stage part=decode layer=8 pos=8192 tokens=1 shared_down=0.055 ms
ds4: metal layer stage part=decode layer=8 pos=8192 tokens=1 ffn_hc_post=0.001 ms
ds4: metal layer stage part=decode layer=9 pos=8192 tokens=1 attn_hc_pre=0.029 ms
ds4: metal layer stage part=decode layer=9 pos=8192 tokens=1 attn_norm=0.001 ms
ds4: metal layer stage part=decode layer=9 pos=8192 tokens=1 q_path=0.221 ms
ds4: metal layer stage part=decode layer=9 pos=8192 tokens=1 kv_path=0.014 ms
ds4: metal layer stage part=decode layer=9 pos=8192 tokens=1 compressor_indexer=0.051 ms
ds4: metal layer stage part=decode layer=9 pos=8192 tokens=1 attention=0.170 ms
ds4: metal layer stage part=decode layer=9 pos=8192 tokens=1 attn_output=0.351 ms
ds4: metal layer stage part=decode layer=9 pos=8192 tokens=1 attn_hc_post=0.001 ms
ds4: metal layer stage part=decode layer=9 pos=8192 tokens=1 ffn_hc_pre=0.025 ms
ds4: metal layer stage part=decode layer=9 pos=8192 tokens=1 ffn_norm=0.001 ms
ds4: metal layer stage part=decode layer=9 pos=8192 tokens=1 router=0.029 ms
ds4: metal layer stage part=decode layer=9 pos=8192 tokens=1 routed_moe=0.355 ms
ds4: metal layer stage part=decode layer=9 pos=8192 tokens=1 shared_gate_up=0.099 ms
ds4: metal layer stage part=decode layer=9 pos=8192 tokens=1 shared_down=0.054 ms
ds4: metal layer stage part=decode layer=9 pos=8192 tokens=1 ffn_hc_post=0.001 ms
ds4: metal layer stage part=decode layer=10 pos=8192 tokens=1 attn_hc_pre=0.028 ms
ds4: metal layer stage part=decode layer=10 pos=8192 tokens=1 attn_norm=0.001 ms
ds4: metal layer stage part=decode layer=10 pos=8192 tokens=1 q_path=0.218 ms
ds4: metal layer stage part=decode layer=10 pos=8192 tokens=1 kv_path=0.014 ms
ds4: metal layer stage part=decode layer=10 pos=8192 tokens=1 compressor_indexer=0.286 ms
ds4: metal layer stage part=decode layer=10 pos=8192 tokens=1 attention=0.181 ms
ds4: metal layer stage part=decode layer=10 pos=8192 tokens=1 attn_output=0.320 ms
ds4: metal layer stage part=decode layer=10 pos=8192 tokens=1 attn_hc_post=0.002 ms
ds4: metal layer stage part=decode layer=10 pos=8192 tokens=1 ffn_hc_pre=0.024 ms
ds4: metal layer stage part=decode layer=10 pos=8192 tokens=1 ffn_norm=0.001 ms
ds4: metal layer stage part=decode layer=10 pos=8192 tokens=1 router=0.027 ms
ds4: metal layer stage part=decode layer=10 pos=8192 tokens=1 routed_moe=0.356 ms
ds4: metal layer stage part=decode layer=10 pos=8192 tokens=1 shared_gate_up=0.093 ms
ds4: metal layer stage part=decode layer=10 pos=8192 tokens=1 shared_down=0.053 ms
ds4: metal layer stage part=decode layer=10 pos=8192 tokens=1 ffn_hc_post=0.001 ms
ds4: metal layer stage part=decode layer=11 pos=8192 tokens=1 attn_hc_pre=0.029 ms
ds4: metal layer stage part=decode layer=11 pos=8192 tokens=1 attn_norm=0.001 ms
ds4: metal layer stage part=decode layer=11 pos=8192 tokens=1 q_path=0.210 ms
ds4: metal layer stage part=decode layer=11 pos=8192 tokens=1 kv_path=0.014 ms
ds4: metal layer stage part=decode layer=11 pos=8192 tokens=1 compressor_indexer=0.051 ms
ds4: metal layer stage part=decode layer=11 pos=8192 tokens=1 attention=0.108 ms
ds4: metal layer stage part=decode layer=11 pos=8192 tokens=1 attn_output=0.306 ms
ds4: metal layer stage part=decode layer=11 pos=8192 tokens=1 attn_hc_post=0.001 ms
ds4: metal layer stage part=decode layer=11 pos=8192 tokens=1 ffn_hc_pre=0.027 ms
ds4: metal layer stage part=decode layer=11 pos=8192 tokens=1 ffn_norm=0.001 ms
ds4: metal layer stage part=decode layer=11 pos=8192 tokens=1 router=0.029 ms
ds4: metal layer stage part=decode layer=11 pos=8192 tokens=1 routed_moe=0.382 ms
ds4: metal layer stage part=decode layer=11 pos=8192 tokens=1 shared_gate_up=0.089 ms
ds4: metal layer stage part=decode layer=11 pos=8192 tokens=1 shared_down=0.052 ms
ds4: metal layer stage part=decode layer=11 pos=8192 tokens=1 ffn_hc_post=0.002 ms
ds4: metal layer stage part=decode layer=12 pos=8192 tokens=1 attn_hc_pre=0.029 ms
ds4: metal layer stage part=decode layer=12 pos=8192 tokens=1 attn_norm=0.001 ms
ds4: metal layer stage part=decode layer=12 pos=8192 tokens=1 q_path=0.213 ms
ds4: metal layer stage part=decode layer=12 pos=8192 tokens=1 kv_path=0.014 ms
ds4: metal layer stage part=decode layer=12 pos=8192 tokens=1 compressor_indexer=0.268 ms
ds4: metal layer stage part=decode layer=12 pos=8192 tokens=1 attention=0.180 ms
ds4: metal layer stage part=decode layer=12 pos=8192 tokens=1 attn_output=0.325 ms
ds4: metal layer stage part=decode layer=12 pos=8192 tokens=1 attn_hc_post=0.002 ms
ds4: metal layer stage part=decode layer=12 pos=8192 tokens=1 ffn_hc_pre=0.027 ms
ds4: metal layer stage part=decode layer=12 pos=8192 tokens=1 ffn_norm=0.001 ms
ds4: metal layer stage part=decode layer=12 pos=8192 tokens=1 router=0.028 ms
ds4: metal layer stage part=decode layer=12 pos=8192 tokens=1 routed_moe=0.355 ms
ds4: metal layer stage part=decode layer=12 pos=8192 tokens=1 shared_gate_up=0.089 ms
ds4: metal layer stage part=decode layer=12 pos=8192 tokens=1 shared_down=0.055 ms
ds4: metal layer stage part=decode layer=12 pos=8192 tokens=1 ffn_hc_post=0.001 ms
ds4: metal layer stage part=decode layer=13 pos=8192 tokens=1 attn_hc_pre=0.029 ms
ds4: metal layer stage part=decode layer=13 pos=8192 tokens=1 attn_norm=0.001 ms
ds4: metal layer stage part=decode layer=13 pos=8192 tokens=1 q_path=0.210 ms
ds4: metal layer stage part=decode layer=13 pos=8192 tokens=1 kv_path=0.014 ms
ds4: metal layer stage part=decode layer=13 pos=8192 tokens=1 compressor_indexer=0.051 ms
ds4: metal layer stage part=decode layer=13 pos=8192 tokens=1 attention=0.107 ms
ds4: metal layer stage part=decode layer=13 pos=8192 tokens=1 attn_output=0.317 ms
ds4: metal layer stage part=decode layer=13 pos=8192 tokens=1 attn_hc_post=0.001 ms
ds4: metal layer stage part=decode layer=13 pos=8192 tokens=1 ffn_hc_pre=0.025 ms
ds4: metal layer stage part=decode layer=13 pos=8192 tokens=1 ffn_norm=0.001 ms
ds4: metal layer stage part=decode layer=13 pos=8192 tokens=1 router=0.028 ms
ds4: metal layer stage part=decode layer=13 pos=8192 tokens=1 routed_moe=0.351 ms
ds4: metal layer stage part=decode layer=13 pos=8192 tokens=1 shared_gate_up=0.087 ms
ds4: metal layer stage part=decode layer=13 pos=8192 tokens=1 shared_down=0.054 ms
ds4: metal layer stage part=decode layer=13 pos=8192 tokens=1 ffn_hc_post=0.001 ms
ds4: metal layer stage part=decode layer=14 pos=8192 tokens=1 attn_hc_pre=0.029 ms
ds4: metal layer stage part=decode layer=14 pos=8192 tokens=1 attn_norm=0.001 ms
ds4: metal layer stage part=decode layer=14 pos=8192 tokens=1 q_path=0.209 ms
ds4: metal layer stage part=decode layer=14 pos=8192 tokens=1 kv_path=0.015 ms
ds4: metal layer stage part=decode layer=14 pos=8192 tokens=1 compressor_indexer=0.270 ms
ds4: metal layer stage part=decode layer=14 pos=8192 tokens=1 attention=0.179 ms
ds4: metal layer stage part=decode layer=14 pos=8192 tokens=1 attn_output=0.310 ms
ds4: metal layer stage part=decode layer=14 pos=8192 tokens=1 attn_hc_post=0.001 ms
ds4: metal layer stage part=decode layer=14 pos=8192 tokens=1 ffn_hc_pre=0.025 ms
ds4: metal layer stage part=decode layer=14 pos=8192 tokens=1 ffn_norm=0.001 ms
ds4: metal layer stage part=decode layer=14 pos=8192 tokens=1 router=0.027 ms
ds4: metal layer stage part=decode layer=14 pos=8192 tokens=1 routed_moe=0.359 ms
ds4: metal layer stage part=decode layer=14 pos=8192 tokens=1 shared_gate_up=0.096 ms
ds4: metal layer stage part=decode layer=14 pos=8192 tokens=1 shared_down=0.053 ms
ds4: metal layer stage part=decode layer=14 pos=8192 tokens=1 ffn_hc_post=0.001 ms
ds4: metal layer stage part=decode layer=15 pos=8192 tokens=1 attn_hc_pre=0.030 ms
ds4: metal layer stage part=decode layer=15 pos=8192 tokens=1 attn_norm=0.001 ms
ds4: metal layer stage part=decode layer=15 pos=8192 tokens=1 q_path=0.208 ms
ds4: metal layer stage part=decode layer=15 pos=8192 tokens=1 kv_path=0.014 ms
ds4: metal layer stage part=decode layer=15 pos=8192 tokens=1 compressor_indexer=0.049 ms
ds4: metal layer stage part=decode layer=15 pos=8192 tokens=1 attention=0.107 ms
ds4: metal layer stage part=decode layer=15 pos=8192 tokens=1 attn_output=0.318 ms
ds4: metal layer stage part=decode layer=15 pos=8192 tokens=1 attn_hc_post=0.002 ms
ds4: metal layer stage part=decode layer=15 pos=8192 tokens=1 ffn_hc_pre=0.024 ms
ds4: metal layer stage part=decode layer=15 pos=8192 tokens=1 ffn_norm=0.001 ms
ds4: metal layer stage part=decode layer=15 pos=8192 tokens=1 router=0.031 ms
ds4: metal layer stage part=decode layer=15 pos=8192 tokens=1 routed_moe=0.354 ms
ds4: metal layer stage part=decode layer=15 pos=8192 tokens=1 shared_gate_up=0.093 ms
ds4: metal layer stage part=decode layer=15 pos=8192 tokens=1 shared_down=0.051 ms
ds4: metal layer stage part=decode layer=15 pos=8192 tokens=1 ffn_hc_post=0.001 ms
ds4: metal layer stage part=decode layer=16 pos=8192 tokens=1 attn_hc_pre=0.029 ms
ds4: metal layer stage part=decode layer=16 pos=8192 tokens=1 attn_norm=0.001 ms
ds4: metal layer stage part=decode layer=16 pos=8192 tokens=1 q_path=0.219 ms
ds4: metal layer stage part=decode layer=16 pos=8192 tokens=1 kv_path=0.015 ms
ds4: metal layer stage part=decode layer=16 pos=8192 tokens=1 compressor_indexer=0.271 ms
ds4: metal layer stage part=decode layer=16 pos=8192 tokens=1 attention=0.177 ms
ds4: metal layer stage part=decode layer=16 pos=8192 tokens=1 attn_output=0.307 ms
ds4: metal layer stage part=decode layer=16 pos=8192 tokens=1 attn_hc_post=0.001 ms
ds4: metal layer stage part=decode layer=16 pos=8192 tokens=1 ffn_hc_pre=0.023 ms
ds4: metal layer stage part=decode layer=16 pos=8192 tokens=1 ffn_norm=0.001 ms
ds4: metal layer stage part=decode layer=16 pos=8192 tokens=1 router=0.031 ms
ds4: metal layer stage part=decode layer=16 pos=8192 tokens=1 routed_moe=0.355 ms
ds4: metal layer stage part=decode layer=16 pos=8192 tokens=1 shared_gate_up=0.098 ms
ds4: metal layer stage part=decode layer=16 pos=8192 tokens=1 shared_down=0.052 ms
ds4: metal layer stage part=decode layer=16 pos=8192 tokens=1 ffn_hc_post=0.001 ms
ds4: metal layer stage part=decode layer=17 pos=8192 tokens=1 attn_hc_pre=0.027 ms
ds4: metal layer stage part=decode layer=17 pos=8192 tokens=1 attn_norm=0.001 ms
ds4: metal layer stage part=decode layer=17 pos=8192 tokens=1 q_path=0.216 ms
ds4: metal layer stage part=decode layer=17 pos=8192 tokens=1 kv_path=0.013 ms
ds4: metal layer stage part=decode layer=17 pos=8192 tokens=1 compressor_indexer=0.046 ms
ds4: metal layer stage part=decode layer=17 pos=8192 tokens=1 attention=0.108 ms
ds4: metal layer stage part=decode layer=17 pos=8192 tokens=1 attn_output=0.318 ms
ds4: metal layer stage part=decode layer=17 pos=8192 tokens=1 attn_hc_post=0.002 ms
ds4: metal layer stage part=decode layer=17 pos=8192 tokens=1 ffn_hc_pre=0.024 ms
ds4: metal layer stage part=decode layer=17 pos=8192 tokens=1 ffn_norm=0.001 ms
ds4: metal layer stage part=decode layer=17 pos=8192 tokens=1 router=0.028 ms
ds4: metal layer stage part=decode layer=17 pos=8192 tokens=1 routed_moe=0.369 ms
ds4: metal layer stage part=decode layer=17 pos=8192 tokens=1 shared_gate_up=0.089 ms
ds4: metal layer stage part=decode layer=17 pos=8192 tokens=1 shared_down=0.052 ms
ds4: metal layer stage part=decode layer=17 pos=8192 tokens=1 ffn_hc_post=0.001 ms
ds4: metal layer stage part=decode layer=18 pos=8192 tokens=1 attn_hc_pre=0.026 ms
ds4: metal layer stage part=decode layer=18 pos=8192 tokens=1 attn_norm=0.001 ms
ds4: metal layer stage part=decode layer=18 pos=8192 tokens=1 q_path=0.214 ms
ds4: metal layer stage part=decode layer=18 pos=8192 tokens=1 kv_path=0.013 ms
ds4: metal layer stage part=decode layer=18 pos=8192 tokens=1 compressor_indexer=0.271 ms
ds4: metal layer stage part=decode layer=18 pos=8192 tokens=1 attention=0.181 ms
ds4: metal layer stage part=decode layer=18 pos=8192 tokens=1 attn_output=0.310 ms
ds4: metal layer stage part=decode layer=18 pos=8192 tokens=1 attn_hc_post=0.001 ms
ds4: metal layer stage part=decode layer=18 pos=8192 tokens=1 ffn_hc_pre=0.024 ms
ds4: metal layer stage part=decode layer=18 pos=8192 tokens=1 ffn_norm=0.001 ms
ds4: metal layer stage part=decode layer=18 pos=8192 tokens=1 router=0.027 ms
ds4: metal layer stage part=decode layer=18 pos=8192 tokens=1 routed_moe=0.353 ms
ds4: metal layer stage part=decode layer=18 pos=8192 tokens=1 shared_gate_up=0.095 ms
ds4: metal layer stage part=decode layer=18 pos=8192 tokens=1 shared_down=0.053 ms
ds4: metal layer stage part=decode layer=18 pos=8192 tokens=1 ffn_hc_post=0.001 ms
ds4: metal layer stage part=decode layer=19 pos=8192 tokens=1 attn_hc_pre=0.029 ms
ds4: metal layer stage part=decode layer=19 pos=8192 tokens=1 attn_norm=0.001 ms
ds4: metal layer stage part=decode layer=19 pos=8192 tokens=1 q_path=0.214 ms
ds4: metal layer stage part=decode layer=19 pos=8192 tokens=1 kv_path=0.015 ms
ds4: metal layer stage part=decode layer=19 pos=8192 tokens=1 compressor_indexer=0.050 ms
ds4: metal layer stage part=decode layer=19 pos=8192 tokens=1 attention=0.107 ms
ds4: metal layer stage part=decode layer=19 pos=8192 tokens=1 attn_output=0.326 ms
ds4: metal layer stage part=decode layer=19 pos=8192 tokens=1 attn_hc_post=0.003 ms
ds4: metal layer stage part=decode layer=19 pos=8192 tokens=1 ffn_hc_pre=0.026 ms
ds4: metal layer stage part=decode layer=19 pos=8192 tokens=1 ffn_norm=0.001 ms
ds4: metal layer stage part=decode layer=19 pos=8192 tokens=1 router=0.047 ms
ds4: metal layer stage part=decode layer=19 pos=8192 tokens=1 routed_moe=0.402 ms
ds4: metal layer stage part=decode layer=19 pos=8192 tokens=1 shared_gate_up=0.095 ms
ds4: metal layer stage part=decode layer=19 pos=8192 tokens=1 shared_down=0.055 ms
ds4: metal layer stage part=decode layer=19 pos=8192 tokens=1 ffn_hc_post=0.001 ms
ds4: metal layer stage part=decode layer=20 pos=8192 tokens=1 attn_hc_pre=0.030 ms
ds4: metal layer stage part=decode layer=20 pos=8192 tokens=1 attn_norm=0.001 ms
ds4: metal layer stage part=decode layer=20 pos=8192 tokens=1 q_path=0.255 ms
ds4: metal layer stage part=decode layer=20 pos=8192 tokens=1 kv_path=0.014 ms
ds4: metal layer stage part=decode layer=20 pos=8192 tokens=1 compressor_indexer=0.473 ms
ds4: metal layer stage part=decode layer=20 pos=8192 tokens=1 attention=0.320 ms
ds4: metal layer stage part=decode layer=20 pos=8192 tokens=1 attn_output=0.319 ms
ds4: metal layer stage part=decode layer=20 pos=8192 tokens=1 attn_hc_post=0.001 ms
ds4: metal layer stage part=decode layer=20 pos=8192 tokens=1 ffn_hc_pre=0.024 ms
ds4: metal layer stage part=decode layer=20 pos=8192 tokens=1 ffn_norm=0.001 ms
ds4: metal layer stage part=decode layer=20 pos=8192 tokens=1 router=0.028 ms
ds4: metal layer stage part=decode layer=20 pos=8192 tokens=1 routed_moe=0.356 ms
ds4: metal layer stage part=decode layer=20 pos=8192 tokens=1 shared_gate_up=0.093 ms
ds4: metal layer stage part=decode layer=20 pos=8192 tokens=1 shared_down=0.057 ms
ds4: metal layer stage part=decode layer=20 pos=8192 tokens=1 ffn_hc_post=0.001 ms
ds4: metal layer stage part=decode layer=21 pos=8192 tokens=1 attn_hc_pre=0.029 ms
ds4: metal layer stage part=decode layer=21 pos=8192 tokens=1 attn_norm=0.001 ms
ds4: metal layer stage part=decode layer=21 pos=8192 tokens=1 q_path=0.212 ms
ds4: metal layer stage part=decode layer=21 pos=8192 tokens=1 kv_path=0.014 ms
ds4: metal layer stage part=decode layer=21 pos=8192 tokens=1 compressor_indexer=0.050 ms
ds4: metal layer stage part=decode layer=21 pos=8192 tokens=1 attention=0.107 ms
ds4: metal layer stage part=decode layer=21 pos=8192 tokens=1 attn_output=0.324 ms
ds4: metal layer stage part=decode layer=21 pos=8192 tokens=1 attn_hc_post=0.002 ms
ds4: metal layer stage part=decode layer=21 pos=8192 tokens=1 ffn_hc_pre=0.028 ms
ds4: metal layer stage part=decode layer=21 pos=8192 tokens=1 ffn_norm=0.001 ms
ds4: metal layer stage part=decode layer=21 pos=8192 tokens=1 router=0.030 ms
ds4: metal layer stage part=decode layer=21 pos=8192 tokens=1 routed_moe=0.590 ms
ds4: metal layer stage part=decode layer=21 pos=8192 tokens=1 shared_gate_up=0.090 ms
ds4: metal layer stage part=decode layer=21 pos=8192 tokens=1 shared_down=0.053 ms
ds4: metal layer stage part=decode layer=21 pos=8192 tokens=1 ffn_hc_post=0.001 ms
ds4: metal layer stage part=decode layer=22 pos=8192 tokens=1 attn_hc_pre=0.029 ms
ds4: metal layer stage part=decode layer=22 pos=8192 tokens=1 attn_norm=0.001 ms
ds4: metal layer stage part=decode layer=22 pos=8192 tokens=1 q_path=0.209 ms
ds4: metal layer stage part=decode layer=22 pos=8192 tokens=1 kv_path=0.013 ms
ds4: metal layer stage part=decode layer=22 pos=8192 tokens=1 compressor_indexer=0.287 ms
ds4: metal layer stage part=decode layer=22 pos=8192 tokens=1 attention=0.249 ms
ds4: metal layer stage part=decode layer=22 pos=8192 tokens=1 attn_output=0.319 ms
ds4: metal layer stage part=decode layer=22 pos=8192 tokens=1 attn_hc_post=0.002 ms
ds4: metal layer stage part=decode layer=22 pos=8192 tokens=1 ffn_hc_pre=0.027 ms
ds4: metal layer stage part=decode layer=22 pos=8192 tokens=1 ffn_norm=0.001 ms
ds4: metal layer stage part=decode layer=22 pos=8192 tokens=1 router=0.030 ms
ds4: metal layer stage part=decode layer=22 pos=8192 tokens=1 routed_moe=0.392 ms
ds4: metal layer stage part=decode layer=22 pos=8192 tokens=1 shared_gate_up=0.104 ms
ds4: metal layer stage part=decode layer=22 pos=8192 tokens=1 shared_down=0.051 ms
ds4: metal layer stage part=decode layer=22 pos=8192 tokens=1 ffn_hc_post=0.001 ms
ds4: metal layer stage part=decode layer=23 pos=8192 tokens=1 attn_hc_pre=0.029 ms
ds4: metal layer stage part=decode layer=23 pos=8192 tokens=1 attn_norm=0.001 ms
ds4: metal layer stage part=decode layer=23 pos=8192 tokens=1 q_path=0.220 ms
ds4: metal layer stage part=decode layer=23 pos=8192 tokens=1 kv_path=0.014 ms
ds4: metal layer stage part=decode layer=23 pos=8192 tokens=1 compressor_indexer=0.049 ms
ds4: metal layer stage part=decode layer=23 pos=8192 tokens=1 attention=0.107 ms
ds4: metal layer stage part=decode layer=23 pos=8192 tokens=1 attn_output=0.313 ms
ds4: metal layer stage part=decode layer=23 pos=8192 tokens=1 attn_hc_post=0.001 ms
ds4: metal layer stage part=decode layer=23 pos=8192 tokens=1 ffn_hc_pre=0.026 ms
ds4: metal layer stage part=decode layer=23 pos=8192 tokens=1 ffn_norm=0.001 ms
ds4: metal layer stage part=decode layer=23 pos=8192 tokens=1 router=0.029 ms
ds4: metal layer stage part=decode layer=23 pos=8192 tokens=1 routed_moe=0.364 ms
ds4: metal layer stage part=decode layer=23 pos=8192 tokens=1 shared_gate_up=0.092 ms
ds4: metal layer stage part=decode layer=23 pos=8192 tokens=1 shared_down=0.054 ms
ds4: metal layer stage part=decode layer=23 pos=8192 tokens=1 ffn_hc_post=0.001 ms
ds4: metal layer stage part=decode layer=24 pos=8192 tokens=1 attn_hc_pre=0.028 ms
ds4: metal layer stage part=decode layer=24 pos=8192 tokens=1 attn_norm=0.001 ms
ds4: metal layer stage part=decode layer=24 pos=8192 tokens=1 q_path=0.220 ms
ds4: metal layer stage part=decode layer=24 pos=8192 tokens=1 kv_path=0.014 ms
ds4: metal layer stage part=decode layer=24 pos=8192 tokens=1 compressor_indexer=0.277 ms
ds4: metal layer stage part=decode layer=24 pos=8192 tokens=1 attention=0.179 ms
ds4: metal layer stage part=decode layer=24 pos=8192 tokens=1 attn_output=0.326 ms
ds4: metal layer stage part=decode layer=24 pos=8192 tokens=1 attn_hc_post=0.002 ms
ds4: metal layer stage part=decode layer=24 pos=8192 tokens=1 ffn_hc_pre=0.025 ms
ds4: metal layer stage part=decode layer=24 pos=8192 tokens=1 ffn_norm=0.001 ms
ds4: metal layer stage part=decode layer=24 pos=8192 tokens=1 router=0.029 ms
ds4: metal layer stage part=decode layer=24 pos=8192 tokens=1 routed_moe=0.353 ms
ds4: metal layer stage part=decode layer=24 pos=8192 tokens=1 shared_gate_up=0.098 ms
ds4: metal layer stage part=decode layer=24 pos=8192 tokens=1 shared_down=0.057 ms
ds4: metal layer stage part=decode layer=24 pos=8192 tokens=1 ffn_hc_post=0.001 ms
ds4: metal layer stage part=decode layer=25 pos=8192 tokens=1 attn_hc_pre=0.028 ms
ds4: metal layer stage part=decode layer=25 pos=8192 tokens=1 attn_norm=0.001 ms
ds4: metal layer stage part=decode layer=25 pos=8192 tokens=1 q_path=0.210 ms
ds4: metal layer stage part=decode layer=25 pos=8192 tokens=1 kv_path=0.014 ms
ds4: metal layer stage part=decode layer=25 pos=8192 tokens=1 compressor_indexer=0.048 ms
ds4: metal layer stage part=decode layer=25 pos=8192 tokens=1 attention=0.107 ms
ds4: metal layer stage part=decode layer=25 pos=8192 tokens=1 attn_output=0.314 ms
ds4: metal layer stage part=decode layer=25 pos=8192 tokens=1 attn_hc_post=0.001 ms
ds4: metal layer stage part=decode layer=25 pos=8192 tokens=1 ffn_hc_pre=0.024 ms
ds4: metal layer stage part=decode layer=25 pos=8192 tokens=1 ffn_norm=0.001 ms
ds4: metal layer stage part=decode layer=25 pos=8192 tokens=1 router=0.029 ms
ds4: metal layer stage part=decode layer=25 pos=8192 tokens=1 routed_moe=0.361 ms
ds4: metal layer stage part=decode layer=25 pos=8192 tokens=1 shared_gate_up=0.088 ms
ds4: metal layer stage part=decode layer=25 pos=8192 tokens=1 shared_down=0.052 ms
ds4: metal layer stage part=decode layer=25 pos=8192 tokens=1 ffn_hc_post=0.001 ms
ds4: metal layer stage part=decode layer=26 pos=8192 tokens=1 attn_hc_pre=0.027 ms
ds4: metal layer stage part=decode layer=26 pos=8192 tokens=1 attn_norm=0.002 ms
ds4: metal layer stage part=decode layer=26 pos=8192 tokens=1 q_path=0.216 ms
ds4: metal layer stage part=decode layer=26 pos=8192 tokens=1 kv_path=0.014 ms
ds4: metal layer stage part=decode layer=26 pos=8192 tokens=1 compressor_indexer=0.278 ms
ds4: metal layer stage part=decode layer=26 pos=8192 tokens=1 attention=0.180 ms
ds4: metal layer stage part=decode layer=26 pos=8192 tokens=1 attn_output=0.313 ms
ds4: metal layer stage part=decode layer=26 pos=8192 tokens=1 attn_hc_post=0.002 ms
ds4: metal layer stage part=decode layer=26 pos=8192 tokens=1 ffn_hc_pre=0.024 ms
ds4: metal layer stage part=decode layer=26 pos=8192 tokens=1 ffn_norm=0.001 ms
ds4: metal layer stage part=decode layer=26 pos=8192 tokens=1 router=0.031 ms
ds4: metal layer stage part=decode layer=26 pos=8192 tokens=1 routed_moe=0.355 ms
ds4: metal layer stage part=decode layer=26 pos=8192 tokens=1 shared_gate_up=0.090 ms
ds4: metal layer stage part=decode layer=26 pos=8192 tokens=1 shared_down=0.052 ms
ds4: metal layer stage part=decode layer=26 pos=8192 tokens=1 ffn_hc_post=0.001 ms
ds4: metal layer stage part=decode layer=27 pos=8192 tokens=1 attn_hc_pre=0.029 ms
ds4: metal layer stage part=decode layer=27 pos=8192 tokens=1 attn_norm=0.001 ms
ds4: metal layer stage part=decode layer=27 pos=8192 tokens=1 q_path=0.216 ms
ds4: metal layer stage part=decode layer=27 pos=8192 tokens=1 kv_path=0.015 ms
ds4: metal layer stage part=decode layer=27 pos=8192 tokens=1 compressor_indexer=0.048 ms
ds4: metal layer stage part=decode layer=27 pos=8192 tokens=1 attention=0.107 ms
ds4: metal layer stage part=decode layer=27 pos=8192 tokens=1 attn_output=0.313 ms
ds4: metal layer stage part=decode layer=27 pos=8192 tokens=1 attn_hc_post=0.002 ms
ds4: metal layer stage part=decode layer=27 pos=8192 tokens=1 ffn_hc_pre=0.026 ms
ds4: metal layer stage part=decode layer=27 pos=8192 tokens=1 ffn_norm=0.001 ms
ds4: metal layer stage part=decode layer=27 pos=8192 tokens=1 router=0.031 ms
ds4: metal layer stage part=decode layer=27 pos=8192 tokens=1 routed_moe=0.359 ms
ds4: metal layer stage part=decode layer=27 pos=8192 tokens=1 shared_gate_up=0.092 ms
ds4: metal layer stage part=decode layer=27 pos=8192 tokens=1 shared_down=0.056 ms
ds4: metal layer stage part=decode layer=27 pos=8192 tokens=1 ffn_hc_post=0.001 ms
ds4: metal layer stage part=decode layer=28 pos=8192 tokens=1 attn_hc_pre=0.029 ms
ds4: metal layer stage part=decode layer=28 pos=8192 tokens=1 attn_norm=0.001 ms
ds4: metal layer stage part=decode layer=28 pos=8192 tokens=1 q_path=0.215 ms
ds4: metal layer stage part=decode layer=28 pos=8192 tokens=1 kv_path=0.014 ms
ds4: metal layer stage part=decode layer=28 pos=8192 tokens=1 compressor_indexer=0.280 ms
ds4: metal layer stage part=decode layer=28 pos=8192 tokens=1 attention=0.177 ms
ds4: metal layer stage part=decode layer=28 pos=8192 tokens=1 attn_output=0.323 ms
ds4: metal layer stage part=decode layer=28 pos=8192 tokens=1 attn_hc_post=0.001 ms
ds4: metal layer stage part=decode layer=28 pos=8192 tokens=1 ffn_hc_pre=0.025 ms
ds4: metal layer stage part=decode layer=28 pos=8192 tokens=1 ffn_norm=0.001 ms
ds4: metal layer stage part=decode layer=28 pos=8192 tokens=1 router=0.029 ms
ds4: metal layer stage part=decode layer=28 pos=8192 tokens=1 routed_moe=0.354 ms
ds4: metal layer stage part=decode layer=28 pos=8192 tokens=1 shared_gate_up=0.097 ms
ds4: metal layer stage part=decode layer=28 pos=8192 tokens=1 shared_down=0.052 ms
ds4: metal layer stage part=decode layer=28 pos=8192 tokens=1 ffn_hc_post=0.001 ms
ds4: metal layer stage part=decode layer=29 pos=8192 tokens=1 attn_hc_pre=0.028 ms
ds4: metal layer stage part=decode layer=29 pos=8192 tokens=1 attn_norm=0.001 ms
ds4: metal layer stage part=decode layer=29 pos=8192 tokens=1 q_path=0.213 ms
ds4: metal layer stage part=decode layer=29 pos=8192 tokens=1 kv_path=0.014 ms
ds4: metal layer stage part=decode layer=29 pos=8192 tokens=1 compressor_indexer=0.050 ms
ds4: metal layer stage part=decode layer=29 pos=8192 tokens=1 attention=0.107 ms
ds4: metal layer stage part=decode layer=29 pos=8192 tokens=1 attn_output=0.317 ms
ds4: metal layer stage part=decode layer=29 pos=8192 tokens=1 attn_hc_post=0.003 ms
ds4: metal layer stage part=decode layer=29 pos=8192 tokens=1 ffn_hc_pre=0.023 ms
ds4: metal layer stage part=decode layer=29 pos=8192 tokens=1 ffn_norm=0.001 ms
ds4: metal layer stage part=decode layer=29 pos=8192 tokens=1 router=0.029 ms
ds4: metal layer stage part=decode layer=29 pos=8192 tokens=1 routed_moe=0.356 ms
ds4: metal layer stage part=decode layer=29 pos=8192 tokens=1 shared_gate_up=0.096 ms
ds4: metal layer stage part=decode layer=29 pos=8192 tokens=1 shared_down=0.056 ms
ds4: metal layer stage part=decode layer=29 pos=8192 tokens=1 ffn_hc_post=0.001 ms
ds4: metal layer stage part=decode layer=30 pos=8192 tokens=1 attn_hc_pre=0.028 ms
ds4: metal layer stage part=decode layer=30 pos=8192 tokens=1 attn_norm=0.001 ms
ds4: metal layer stage part=decode layer=30 pos=8192 tokens=1 q_path=0.216 ms
ds4: metal layer stage part=decode layer=30 pos=8192 tokens=1 kv_path=0.015 ms
ds4: metal layer stage part=decode layer=30 pos=8192 tokens=1 compressor_indexer=0.274 ms
ds4: metal layer stage part=decode layer=30 pos=8192 tokens=1 attention=0.175 ms
ds4: metal layer stage part=decode layer=30 pos=8192 tokens=1 attn_output=0.320 ms
ds4: metal layer stage part=decode layer=30 pos=8192 tokens=1 attn_hc_post=0.001 ms
ds4: metal layer stage part=decode layer=30 pos=8192 tokens=1 ffn_hc_pre=0.023 ms
ds4: metal layer stage part=decode layer=30 pos=8192 tokens=1 ffn_norm=0.001 ms
ds4: metal layer stage part=decode layer=30 pos=8192 tokens=1 router=0.028 ms
ds4: metal layer stage part=decode layer=30 pos=8192 tokens=1 routed_moe=0.355 ms
ds4: metal layer stage part=decode layer=30 pos=8192 tokens=1 shared_gate_up=0.092 ms
ds4: metal layer stage part=decode layer=30 pos=8192 tokens=1 shared_down=0.054 ms
ds4: metal layer stage part=decode layer=30 pos=8192 tokens=1 ffn_hc_post=0.001 ms
ds4: metal layer stage part=decode layer=31 pos=8192 tokens=1 attn_hc_pre=0.027 ms
ds4: metal layer stage part=decode layer=31 pos=8192 tokens=1 attn_norm=0.001 ms
ds4: metal layer stage part=decode layer=31 pos=8192 tokens=1 q_path=0.204 ms
ds4: metal layer stage part=decode layer=31 pos=8192 tokens=1 kv_path=0.014 ms
ds4: metal layer stage part=decode layer=31 pos=8192 tokens=1 compressor_indexer=0.049 ms
ds4: metal layer stage part=decode layer=31 pos=8192 tokens=1 attention=0.107 ms
ds4: metal layer stage part=decode layer=31 pos=8192 tokens=1 attn_output=0.317 ms
ds4: metal layer stage part=decode layer=31 pos=8192 tokens=1 attn_hc_post=0.002 ms
ds4: metal layer stage part=decode layer=31 pos=8192 tokens=1 ffn_hc_pre=0.025 ms
ds4: metal layer stage part=decode layer=31 pos=8192 tokens=1 ffn_norm=0.001 ms
ds4: metal layer stage part=decode layer=31 pos=8192 tokens=1 router=0.027 ms
ds4: metal layer stage part=decode layer=31 pos=8192 tokens=1 routed_moe=0.348 ms
ds4: metal layer stage part=decode layer=31 pos=8192 tokens=1 shared_gate_up=0.094 ms
ds4: metal layer stage part=decode layer=31 pos=8192 tokens=1 shared_down=0.052 ms
ds4: metal layer stage part=decode layer=31 pos=8192 tokens=1 ffn_hc_post=0.001 ms
ds4: metal layer stage part=decode layer=32 pos=8192 tokens=1 attn_hc_pre=0.030 ms
ds4: metal layer stage part=decode layer=32 pos=8192 tokens=1 attn_norm=0.001 ms
ds4: metal layer stage part=decode layer=32 pos=8192 tokens=1 q_path=0.211 ms
ds4: metal layer stage part=decode layer=32 pos=8192 tokens=1 kv_path=0.014 ms
ds4: metal layer stage part=decode layer=32 pos=8192 tokens=1 compressor_indexer=0.282 ms
ds4: metal layer stage part=decode layer=32 pos=8192 tokens=1 attention=0.177 ms
ds4: metal layer stage part=decode layer=32 pos=8192 tokens=1 attn_output=0.316 ms
ds4: metal layer stage part=decode layer=32 pos=8192 tokens=1 attn_hc_post=0.001 ms
ds4: metal layer stage part=decode layer=32 pos=8192 tokens=1 ffn_hc_pre=0.024 ms
ds4: metal layer stage part=decode layer=32 pos=8192 tokens=1 ffn_norm=0.001 ms
ds4: metal layer stage part=decode layer=32 pos=8192 tokens=1 router=0.027 ms
ds4: metal layer stage part=decode layer=32 pos=8192 tokens=1 routed_moe=0.356 ms
ds4: metal layer stage part=decode layer=32 pos=8192 tokens=1 shared_gate_up=0.093 ms
ds4: metal layer stage part=decode layer=32 pos=8192 tokens=1 shared_down=0.052 ms
ds4: metal layer stage part=decode layer=32 pos=8192 tokens=1 ffn_hc_post=0.001 ms
ds4: metal layer stage part=decode layer=33 pos=8192 tokens=1 attn_hc_pre=0.029 ms
ds4: metal layer stage part=decode layer=33 pos=8192 tokens=1 attn_norm=0.001 ms
ds4: metal layer stage part=decode layer=33 pos=8192 tokens=1 q_path=0.216 ms
ds4: metal layer stage part=decode layer=33 pos=8192 tokens=1 kv_path=0.014 ms
ds4: metal layer stage part=decode layer=33 pos=8192 tokens=1 compressor_indexer=0.048 ms
ds4: metal layer stage part=decode layer=33 pos=8192 tokens=1 attention=0.107 ms
ds4: metal layer stage part=decode layer=33 pos=8192 tokens=1 attn_output=0.316 ms
ds4: metal layer stage part=decode layer=33 pos=8192 tokens=1 attn_hc_post=0.001 ms
ds4: metal layer stage part=decode layer=33 pos=8192 tokens=1 ffn_hc_pre=0.025 ms
ds4: metal layer stage part=decode layer=33 pos=8192 tokens=1 ffn_norm=0.001 ms
ds4: metal layer stage part=decode layer=33 pos=8192 tokens=1 router=0.027 ms
ds4: metal layer stage part=decode layer=33 pos=8192 tokens=1 routed_moe=0.358 ms
ds4: metal layer stage part=decode layer=33 pos=8192 tokens=1 shared_gate_up=0.092 ms
ds4: metal layer stage part=decode layer=33 pos=8192 tokens=1 shared_down=0.052 ms
ds4: metal layer stage part=decode layer=33 pos=8192 tokens=1 ffn_hc_post=0.001 ms
ds4: metal layer stage part=decode layer=34 pos=8192 tokens=1 attn_hc_pre=0.029 ms
ds4: metal layer stage part=decode layer=34 pos=8192 tokens=1 attn_norm=0.001 ms
ds4: metal layer stage part=decode layer=34 pos=8192 tokens=1 q_path=0.213 ms
ds4: metal layer stage part=decode layer=34 pos=8192 tokens=1 kv_path=0.014 ms
ds4: metal layer stage part=decode layer=34 pos=8192 tokens=1 compressor_indexer=0.271 ms
ds4: metal layer stage part=decode layer=34 pos=8192 tokens=1 attention=0.180 ms
ds4: metal layer stage part=decode layer=34 pos=8192 tokens=1 attn_output=0.316 ms
ds4: metal layer stage part=decode layer=34 pos=8192 tokens=1 attn_hc_post=0.001 ms
ds4: metal layer stage part=decode layer=34 pos=8192 tokens=1 ffn_hc_pre=0.025 ms
ds4: metal layer stage part=decode layer=34 pos=8192 tokens=1 ffn_norm=0.001 ms
ds4: metal layer stage part=decode layer=34 pos=8192 tokens=1 router=0.028 ms
ds4: metal layer stage part=decode layer=34 pos=8192 tokens=1 routed_moe=0.353 ms
ds4: metal layer stage part=decode layer=34 pos=8192 tokens=1 shared_gate_up=0.089 ms
ds4: metal layer stage part=decode layer=34 pos=8192 tokens=1 shared_down=0.056 ms
ds4: metal layer stage part=decode layer=34 pos=8192 tokens=1 ffn_hc_post=0.001 ms
ds4: metal layer stage part=decode layer=35 pos=8192 tokens=1 attn_hc_pre=0.027 ms
ds4: metal layer stage part=decode layer=35 pos=8192 tokens=1 attn_norm=0.001 ms
ds4: metal layer stage part=decode layer=35 pos=8192 tokens=1 q_path=0.212 ms
ds4: metal layer stage part=decode layer=35 pos=8192 tokens=1 kv_path=0.014 ms
ds4: metal layer stage part=decode layer=35 pos=8192 tokens=1 compressor_indexer=0.049 ms
ds4: metal layer stage part=decode layer=35 pos=8192 tokens=1 attention=0.108 ms
ds4: metal layer stage part=decode layer=35 pos=8192 tokens=1 attn_output=0.316 ms
ds4: metal layer stage part=decode layer=35 pos=8192 tokens=1 attn_hc_post=0.001 ms
ds4: metal layer stage part=decode layer=35 pos=8192 tokens=1 ffn_hc_pre=0.023 ms
ds4: metal layer stage part=decode layer=35 pos=8192 tokens=1 ffn_norm=0.001 ms
ds4: metal layer stage part=decode layer=35 pos=8192 tokens=1 router=0.031 ms
ds4: metal layer stage part=decode layer=35 pos=8192 tokens=1 routed_moe=0.361 ms
ds4: metal layer stage part=decode layer=35 pos=8192 tokens=1 shared_gate_up=0.097 ms
ds4: metal layer stage part=decode layer=35 pos=8192 tokens=1 shared_down=0.054 ms
ds4: metal layer stage part=decode layer=35 pos=8192 tokens=1 ffn_hc_post=0.001 ms
ds4: metal layer stage part=decode layer=36 pos=8192 tokens=1 attn_hc_pre=0.029 ms
ds4: metal layer stage part=decode layer=36 pos=8192 tokens=1 attn_norm=0.001 ms
ds4: metal layer stage part=decode layer=36 pos=8192 tokens=1 q_path=0.217 ms
ds4: metal layer stage part=decode layer=36 pos=8192 tokens=1 kv_path=0.014 ms
ds4: metal layer stage part=decode layer=36 pos=8192 tokens=1 compressor_indexer=0.275 ms
ds4: metal layer stage part=decode layer=36 pos=8192 tokens=1 attention=0.183 ms
ds4: metal layer stage part=decode layer=36 pos=8192 tokens=1 attn_output=0.315 ms
ds4: metal layer stage part=decode layer=36 pos=8192 tokens=1 attn_hc_post=0.001 ms
ds4: metal layer stage part=decode layer=36 pos=8192 tokens=1 ffn_hc_pre=0.024 ms
ds4: metal layer stage part=decode layer=36 pos=8192 tokens=1 ffn_norm=0.001 ms
ds4: metal layer stage part=decode layer=36 pos=8192 tokens=1 router=0.032 ms
ds4: metal layer stage part=decode layer=36 pos=8192 tokens=1 routed_moe=0.356 ms
ds4: metal layer stage part=decode layer=36 pos=8192 tokens=1 shared_gate_up=0.094 ms
ds4: metal layer stage part=decode layer=36 pos=8192 tokens=1 shared_down=0.053 ms
ds4: metal layer stage part=decode layer=36 pos=8192 tokens=1 ffn_hc_post=0.001 ms
ds4: metal layer stage part=decode layer=37 pos=8192 tokens=1 attn_hc_pre=0.028 ms
ds4: metal layer stage part=decode layer=37 pos=8192 tokens=1 attn_norm=0.002 ms
ds4: metal layer stage part=decode layer=37 pos=8192 tokens=1 q_path=0.225 ms
ds4: metal layer stage part=decode layer=37 pos=8192 tokens=1 kv_path=0.014 ms
ds4: metal layer stage part=decode layer=37 pos=8192 tokens=1 compressor_indexer=0.050 ms
ds4: metal layer stage part=decode layer=37 pos=8192 tokens=1 attention=0.107 ms
ds4: metal layer stage part=decode layer=37 pos=8192 tokens=1 attn_output=0.317 ms
ds4: metal layer stage part=decode layer=37 pos=8192 tokens=1 attn_hc_post=0.001 ms
ds4: metal layer stage part=decode layer=37 pos=8192 tokens=1 ffn_hc_pre=0.026 ms
ds4: metal layer stage part=decode layer=37 pos=8192 tokens=1 ffn_norm=0.001 ms
ds4: metal layer stage part=decode layer=37 pos=8192 tokens=1 router=0.029 ms
ds4: metal layer stage part=decode layer=37 pos=8192 tokens=1 routed_moe=0.360 ms
ds4: metal layer stage part=decode layer=37 pos=8192 tokens=1 shared_gate_up=0.092 ms
ds4: metal layer stage part=decode layer=37 pos=8192 tokens=1 shared_down=0.054 ms
ds4: metal layer stage part=decode layer=37 pos=8192 tokens=1 ffn_hc_post=0.001 ms
ds4: metal layer stage part=decode layer=38 pos=8192 tokens=1 attn_hc_pre=0.029 ms
ds4: metal layer stage part=decode layer=38 pos=8192 tokens=1 attn_norm=0.001 ms
ds4: metal layer stage part=decode layer=38 pos=8192 tokens=1 q_path=0.212 ms
ds4: metal layer stage part=decode layer=38 pos=8192 tokens=1 kv_path=0.014 ms
ds4: metal layer stage part=decode layer=38 pos=8192 tokens=1 compressor_indexer=0.271 ms
ds4: metal layer stage part=decode layer=38 pos=8192 tokens=1 attention=0.178 ms
ds4: metal layer stage part=decode layer=38 pos=8192 tokens=1 attn_output=0.314 ms
ds4: metal layer stage part=decode layer=38 pos=8192 tokens=1 attn_hc_post=0.002 ms
ds4: metal layer stage part=decode layer=38 pos=8192 tokens=1 ffn_hc_pre=0.026 ms
ds4: metal layer stage part=decode layer=38 pos=8192 tokens=1 ffn_norm=0.001 ms
ds4: metal layer stage part=decode layer=38 pos=8192 tokens=1 router=0.027 ms
ds4: metal layer stage part=decode layer=38 pos=8192 tokens=1 routed_moe=0.357 ms
ds4: metal layer stage part=decode layer=38 pos=8192 tokens=1 shared_gate_up=0.089 ms
ds4: metal layer stage part=decode layer=38 pos=8192 tokens=1 shared_down=0.055 ms
ds4: metal layer stage part=decode layer=38 pos=8192 tokens=1 ffn_hc_post=0.001 ms
ds4: metal layer stage part=decode layer=39 pos=8192 tokens=1 attn_hc_pre=0.029 ms
ds4: metal layer stage part=decode layer=39 pos=8192 tokens=1 attn_norm=0.001 ms
ds4: metal layer stage part=decode layer=39 pos=8192 tokens=1 q_path=0.207 ms
ds4: metal layer stage part=decode layer=39 pos=8192 tokens=1 kv_path=0.015 ms
ds4: metal layer stage part=decode layer=39 pos=8192 tokens=1 compressor_indexer=0.048 ms
ds4: metal layer stage part=decode layer=39 pos=8192 tokens=1 attention=0.108 ms
ds4: metal layer stage part=decode layer=39 pos=8192 tokens=1 attn_output=0.327 ms
ds4: metal layer stage part=decode layer=39 pos=8192 tokens=1 attn_hc_post=0.001 ms
ds4: metal layer stage part=decode layer=39 pos=8192 tokens=1 ffn_hc_pre=0.024 ms
ds4: metal layer stage part=decode layer=39 pos=8192 tokens=1 ffn_norm=0.001 ms
ds4: metal layer stage part=decode layer=39 pos=8192 tokens=1 router=0.031 ms
ds4: metal layer stage part=decode layer=39 pos=8192 tokens=1 routed_moe=0.353 ms
ds4: metal layer stage part=decode layer=39 pos=8192 tokens=1 shared_gate_up=0.089 ms
ds4: metal layer stage part=decode layer=39 pos=8192 tokens=1 shared_down=0.052 ms
ds4: metal layer stage part=decode layer=39 pos=8192 tokens=1 ffn_hc_post=0.001 ms
ds4: metal layer stage part=decode layer=40 pos=8192 tokens=1 attn_hc_pre=0.028 ms
ds4: metal layer stage part=decode layer=40 pos=8192 tokens=1 attn_norm=0.001 ms
ds4: metal layer stage part=decode layer=40 pos=8192 tokens=1 q_path=0.222 ms
ds4: metal layer stage part=decode layer=40 pos=8192 tokens=1 kv_path=0.014 ms
ds4: metal layer stage part=decode layer=40 pos=8192 tokens=1 compressor_indexer=0.275 ms
ds4: metal layer stage part=decode layer=40 pos=8192 tokens=1 attention=0.183 ms
ds4: metal layer stage part=decode layer=40 pos=8192 tokens=1 attn_output=0.318 ms
ds4: metal layer stage part=decode layer=40 pos=8192 tokens=1 attn_hc_post=0.002 ms
ds4: metal layer stage part=decode layer=40 pos=8192 tokens=1 ffn_hc_pre=0.023 ms
ds4: metal layer stage part=decode layer=40 pos=8192 tokens=1 ffn_norm=0.001 ms
ds4: metal layer stage part=decode layer=40 pos=8192 tokens=1 router=0.031 ms
ds4: metal layer stage part=decode layer=40 pos=8192 tokens=1 routed_moe=0.357 ms
ds4: metal layer stage part=decode layer=40 pos=8192 tokens=1 shared_gate_up=0.091 ms
ds4: metal layer stage part=decode layer=40 pos=8192 tokens=1 shared_down=0.056 ms
ds4: metal layer stage part=decode layer=40 pos=8192 tokens=1 ffn_hc_post=0.001 ms
ds4: metal layer stage part=decode layer=41 pos=8192 tokens=1 attn_hc_pre=0.029 ms
ds4: metal layer stage part=decode layer=41 pos=8192 tokens=1 attn_norm=0.001 ms
ds4: metal layer stage part=decode layer=41 pos=8192 tokens=1 q_path=0.218 ms
ds4: metal layer stage part=decode layer=41 pos=8192 tokens=1 kv_path=0.014 ms
ds4: metal layer stage part=decode layer=41 pos=8192 tokens=1 compressor_indexer=0.049 ms
ds4: metal layer stage part=decode layer=41 pos=8192 tokens=1 attention=0.108 ms
ds4: metal layer stage part=decode layer=41 pos=8192 tokens=1 attn_output=0.320 ms
ds4: metal layer stage part=decode layer=41 pos=8192 tokens=1 attn_hc_post=0.001 ms
ds4: metal layer stage part=decode layer=41 pos=8192 tokens=1 ffn_hc_pre=0.025 ms
ds4: metal layer stage part=decode layer=41 pos=8192 tokens=1 ffn_norm=0.001 ms
ds4: metal layer stage part=decode layer=41 pos=8192 tokens=1 router=0.031 ms
ds4: metal layer stage part=decode layer=41 pos=8192 tokens=1 routed_moe=0.362 ms
ds4: metal layer stage part=decode layer=41 pos=8192 tokens=1 shared_gate_up=0.093 ms
ds4: metal layer stage part=decode layer=41 pos=8192 tokens=1 shared_down=0.059 ms
ds4: metal layer stage part=decode layer=41 pos=8192 tokens=1 ffn_hc_post=0.001 ms
ds4: metal layer stage part=decode layer=42 pos=8192 tokens=1 attn_hc_pre=0.029 ms
ds4: metal layer stage part=decode layer=42 pos=8192 tokens=1 attn_norm=0.001 ms
ds4: metal layer stage part=decode layer=42 pos=8192 tokens=1 q_path=0.218 ms
ds4: metal layer stage part=decode layer=42 pos=8192 tokens=1 kv_path=0.014 ms
ds4: metal layer stage part=decode layer=42 pos=8192 tokens=1 compressor_indexer=0.274 ms
ds4: metal layer stage part=decode layer=42 pos=8192 tokens=1 attention=0.174 ms
ds4: metal layer stage part=decode layer=42 pos=8192 tokens=1 attn_output=0.319 ms
ds4: metal layer stage part=decode layer=42 pos=8192 tokens=1 attn_hc_post=0.002 ms
ds4: metal layer stage part=decode layer=42 pos=8192 tokens=1 ffn_hc_pre=0.026 ms
ds4: metal layer stage part=decode layer=42 pos=8192 tokens=1 ffn_norm=0.001 ms
ds4: metal layer stage part=decode layer=42 pos=8192 tokens=1 router=0.030 ms
ds4: metal layer stage part=decode layer=42 pos=8192 tokens=1 routed_moe=0.358 ms
ds4: metal layer stage part=decode layer=42 pos=8192 tokens=1 shared_gate_up=0.092 ms
ds4: metal layer stage part=decode layer=42 pos=8192 tokens=1 shared_down=0.053 ms
ds4: metal layer stage part=decode layer=42 pos=8192 tokens=1 ffn_hc_post=0.001 ms
ds4: metal layer stage part=decode layer=0 pos=8193 tokens=1 attn_hc_pre=0.032 ms
ds4: metal layer stage part=decode layer=0 pos=8193 tokens=1 attn_norm=0.002 ms
ds4: metal layer stage part=decode layer=0 pos=8193 tokens=1 q_path=0.217 ms
ds4: metal layer stage part=decode layer=0 pos=8193 tokens=1 kv_path=0.014 ms
ds4: metal layer stage part=decode layer=0 pos=8193 tokens=1 compressor_indexer=0.001 ms
ds4: metal layer stage part=decode layer=0 pos=8193 tokens=1 attention=0.075 ms
ds4: metal layer stage part=decode layer=0 pos=8193 tokens=1 attn_output=0.315 ms
ds4: metal layer stage part=decode layer=0 pos=8193 tokens=1 attn_hc_post=0.002 ms
ds4: metal layer stage part=decode layer=0 pos=8193 tokens=1 ffn_hc_pre=0.025 ms
ds4: metal layer stage part=decode layer=0 pos=8193 tokens=1 ffn_norm=0.001 ms
ds4: metal layer stage part=decode layer=0 pos=8193 tokens=1 router=0.027 ms
ds4: metal layer stage part=decode layer=0 pos=8193 tokens=1 routed_moe=0.356 ms
ds4: metal layer stage part=decode layer=0 pos=8193 tokens=1 shared_gate_up=0.107 ms
ds4: metal layer stage part=decode layer=0 pos=8193 tokens=1 shared_down=0.061 ms
ds4: metal layer stage part=decode layer=0 pos=8193 tokens=1 ffn_hc_post=0.001 ms
ds4: metal layer stage part=decode layer=1 pos=8193 tokens=1 attn_hc_pre=0.025 ms
ds4: metal layer stage part=decode layer=1 pos=8193 tokens=1 attn_norm=0.001 ms
ds4: metal layer stage part=decode layer=1 pos=8193 tokens=1 q_path=0.214 ms
ds4: metal layer stage part=decode layer=1 pos=8193 tokens=1 kv_path=0.014 ms
ds4: metal layer stage part=decode layer=1 pos=8193 tokens=1 compressor_indexer=0.001 ms
ds4: metal layer stage part=decode layer=1 pos=8193 tokens=1 attention=0.073 ms
ds4: metal layer stage part=decode layer=1 pos=8193 tokens=1 attn_output=0.311 ms
ds4: metal layer stage part=decode layer=1 pos=8193 tokens=1 attn_hc_post=0.001 ms
ds4: metal layer stage part=decode layer=1 pos=8193 tokens=1 ffn_hc_pre=0.028 ms
ds4: metal layer stage part=decode layer=1 pos=8193 tokens=1 ffn_norm=0.001 ms
ds4: metal layer stage part=decode layer=1 pos=8193 tokens=1 router=0.028 ms
ds4: metal layer stage part=decode layer=1 pos=8193 tokens=1 routed_moe=0.357 ms
ds4: metal layer stage part=decode layer=1 pos=8193 tokens=1 shared_gate_up=0.092 ms
ds4: metal layer stage part=decode layer=1 pos=8193 tokens=1 shared_down=0.049 ms
ds4: metal layer stage part=decode layer=1 pos=8193 tokens=1 ffn_hc_post=0.001 ms
ds4: metal layer stage part=decode layer=2 pos=8193 tokens=1 attn_hc_pre=0.028 ms
ds4: metal layer stage part=decode layer=2 pos=8193 tokens=1 attn_norm=0.001 ms
ds4: metal layer stage part=decode layer=2 pos=8193 tokens=1 q_path=0.206 ms
ds4: metal layer stage part=decode layer=2 pos=8193 tokens=1 kv_path=0.014 ms
ds4: metal layer stage part=decode layer=2 pos=8193 tokens=1 compressor_indexer=0.270 ms
ds4: metal layer stage part=decode layer=2 pos=8193 tokens=1 attention=0.177 ms
ds4: metal layer stage part=decode layer=2 pos=8193 tokens=1 attn_output=0.309 ms
ds4: metal layer stage part=decode layer=2 pos=8193 tokens=1 attn_hc_post=0.002 ms
ds4: metal layer stage part=decode layer=2 pos=8193 tokens=1 ffn_hc_pre=0.027 ms
ds4: metal layer stage part=decode layer=2 pos=8193 tokens=1 ffn_norm=0.001 ms
ds4: metal layer stage part=decode layer=2 pos=8193 tokens=1 router=0.024 ms
ds4: metal layer stage part=decode layer=2 pos=8193 tokens=1 routed_moe=0.354 ms
ds4: metal layer stage part=decode layer=2 pos=8193 tokens=1 shared_gate_up=0.090 ms
ds4: metal layer stage part=decode layer=2 pos=8193 tokens=1 shared_down=0.050 ms
ds4: metal layer stage part=decode layer=2 pos=8193 tokens=1 ffn_hc_post=0.001 ms
ds4: metal layer stage part=decode layer=3 pos=8193 tokens=1 attn_hc_pre=0.024 ms
ds4: metal layer stage part=decode layer=3 pos=8193 tokens=1 attn_norm=0.001 ms
ds4: metal layer stage part=decode layer=3 pos=8193 tokens=1 q_path=0.210 ms
ds4: metal layer stage part=decode layer=3 pos=8193 tokens=1 kv_path=0.014 ms
ds4: metal layer stage part=decode layer=3 pos=8193 tokens=1 compressor_indexer=0.047 ms
ds4: metal layer stage part=decode layer=3 pos=8193 tokens=1 attention=0.108 ms
ds4: metal layer stage part=decode layer=3 pos=8193 tokens=1 attn_output=0.316 ms
ds4: metal layer stage part=decode layer=3 pos=8193 tokens=1 attn_hc_post=0.001 ms
ds4: metal layer stage part=decode layer=3 pos=8193 tokens=1 ffn_hc_pre=0.023 ms
ds4: metal layer stage part=decode layer=3 pos=8193 tokens=1 ffn_norm=0.001 ms
ds4: metal layer stage part=decode layer=3 pos=8193 tokens=1 router=0.026 ms
ds4: metal layer stage part=decode layer=3 pos=8193 tokens=1 routed_moe=0.348 ms
ds4: metal layer stage part=decode layer=3 pos=8193 tokens=1 shared_gate_up=0.093 ms
ds4: metal layer stage part=decode layer=3 pos=8193 tokens=1 shared_down=0.054 ms
ds4: metal layer stage part=decode layer=3 pos=8193 tokens=1 ffn_hc_post=0.001 ms
ds4: metal layer stage part=decode layer=4 pos=8193 tokens=1 attn_hc_pre=0.023 ms
ds4: metal layer stage part=decode layer=4 pos=8193 tokens=1 attn_norm=0.001 ms
ds4: metal layer stage part=decode layer=4 pos=8193 tokens=1 q_path=0.201 ms
ds4: metal layer stage part=decode layer=4 pos=8193 tokens=1 kv_path=0.014 ms
ds4: metal layer stage part=decode layer=4 pos=8193 tokens=1 compressor_indexer=0.266 ms
ds4: metal layer stage part=decode layer=4 pos=8193 tokens=1 attention=0.170 ms
ds4: metal layer stage part=decode layer=4 pos=8193 tokens=1 attn_output=0.310 ms
ds4: metal layer stage part=decode layer=4 pos=8193 tokens=1 attn_hc_post=0.001 ms
ds4: metal layer stage part=decode layer=4 pos=8193 tokens=1 ffn_hc_pre=0.024 ms
ds4: metal layer stage part=decode layer=4 pos=8193 tokens=1 ffn_norm=0.001 ms
ds4: metal layer stage part=decode layer=4 pos=8193 tokens=1 router=0.025 ms
ds4: metal layer stage part=decode layer=4 pos=8193 tokens=1 routed_moe=0.354 ms
ds4: metal layer stage part=decode layer=4 pos=8193 tokens=1 shared_gate_up=0.086 ms
ds4: metal layer stage part=decode layer=4 pos=8193 tokens=1 shared_down=0.047 ms
ds4: metal layer stage part=decode layer=4 pos=8193 tokens=1 ffn_hc_post=0.001 ms
ds4: metal layer stage part=decode layer=5 pos=8193 tokens=1 attn_hc_pre=0.028 ms
ds4: metal layer stage part=decode layer=5 pos=8193 tokens=1 attn_norm=0.001 ms
ds4: metal layer stage part=decode layer=5 pos=8193 tokens=1 q_path=0.213 ms
ds4: metal layer stage part=decode layer=5 pos=8193 tokens=1 kv_path=0.014 ms
ds4: metal layer stage part=decode layer=5 pos=8193 tokens=1 compressor_indexer=0.051 ms
ds4: metal layer stage part=decode layer=5 pos=8193 tokens=1 attention=0.107 ms
ds4: metal layer stage part=decode layer=5 pos=8193 tokens=1 attn_output=0.325 ms
ds4: metal layer stage part=decode layer=5 pos=8193 tokens=1 attn_hc_post=0.002 ms
ds4: metal layer stage part=decode layer=5 pos=8193 tokens=1 ffn_hc_pre=0.026 ms
ds4: metal layer stage part=decode layer=5 pos=8193 tokens=1 ffn_norm=0.001 ms
ds4: metal layer stage part=decode layer=5 pos=8193 tokens=1 router=0.028 ms
ds4: metal layer stage part=decode layer=5 pos=8193 tokens=1 routed_moe=0.358 ms
ds4: metal layer stage part=decode layer=5 pos=8193 tokens=1 shared_gate_up=0.096 ms
ds4: metal layer stage part=decode layer=5 pos=8193 tokens=1 shared_down=0.058 ms
ds4: metal layer stage part=decode layer=5 pos=8193 tokens=1 ffn_hc_post=0.001 ms
ds4: metal layer stage part=decode layer=6 pos=8193 tokens=1 attn_hc_pre=0.026 ms
ds4: metal layer stage part=decode layer=6 pos=8193 tokens=1 attn_norm=0.001 ms
ds4: metal layer stage part=decode layer=6 pos=8193 tokens=1 q_path=0.217 ms
ds4: metal layer stage part=decode layer=6 pos=8193 tokens=1 kv_path=0.014 ms
ds4: metal layer stage part=decode layer=6 pos=8193 tokens=1 compressor_indexer=0.282 ms
ds4: metal layer stage part=decode layer=6 pos=8193 tokens=1 attention=0.171 ms
ds4: metal layer stage part=decode layer=6 pos=8193 tokens=1 attn_output=0.316 ms
ds4: metal layer stage part=decode layer=6 pos=8193 tokens=1 attn_hc_post=0.002 ms
ds4: metal layer stage part=decode layer=6 pos=8193 tokens=1 ffn_hc_pre=0.025 ms
ds4: metal layer stage part=decode layer=6 pos=8193 tokens=1 ffn_norm=0.001 ms
ds4: metal layer stage part=decode layer=6 pos=8193 tokens=1 router=0.027 ms
ds4: metal layer stage part=decode layer=6 pos=8193 tokens=1 routed_moe=0.356 ms
ds4: metal layer stage part=decode layer=6 pos=8193 tokens=1 shared_gate_up=0.091 ms
ds4: metal layer stage part=decode layer=6 pos=8193 tokens=1 shared_down=0.052 ms
ds4: metal layer stage part=decode layer=6 pos=8193 tokens=1 ffn_hc_post=0.001 ms
ds4: metal layer stage part=decode layer=7 pos=8193 tokens=1 attn_hc_pre=0.027 ms
ds4: metal layer stage part=decode layer=7 pos=8193 tokens=1 attn_norm=0.001 ms
ds4: metal layer stage part=decode layer=7 pos=8193 tokens=1 q_path=0.221 ms
ds4: metal layer stage part=decode layer=7 pos=8193 tokens=1 kv_path=0.014 ms
ds4: metal layer stage part=decode layer=7 pos=8193 tokens=1 compressor_indexer=0.047 ms
ds4: metal layer stage part=decode layer=7 pos=8193 tokens=1 attention=0.107 ms
ds4: metal layer stage part=decode layer=7 pos=8193 tokens=1 attn_output=0.315 ms
ds4: metal layer stage part=decode layer=7 pos=8193 tokens=1 attn_hc_post=0.002 ms
ds4: metal layer stage part=decode layer=7 pos=8193 tokens=1 ffn_hc_pre=0.027 ms
ds4: metal layer stage part=decode layer=7 pos=8193 tokens=1 ffn_norm=0.001 ms
ds4: metal layer stage part=decode layer=7 pos=8193 tokens=1 router=0.031 ms
ds4: metal layer stage part=decode layer=7 pos=8193 tokens=1 routed_moe=0.354 ms
ds4: metal layer stage part=decode layer=7 pos=8193 tokens=1 shared_gate_up=0.088 ms
ds4: metal layer stage part=decode layer=7 pos=8193 tokens=1 shared_down=0.054 ms
ds4: metal layer stage part=decode layer=7 pos=8193 tokens=1 ffn_hc_post=0.001 ms
ds4: metal layer stage part=decode layer=8 pos=8193 tokens=1 attn_hc_pre=0.028 ms
ds4: metal layer stage part=decode layer=8 pos=8193 tokens=1 attn_norm=0.001 ms
ds4: metal layer stage part=decode layer=8 pos=8193 tokens=1 q_path=0.207 ms
ds4: metal layer stage part=decode layer=8 pos=8193 tokens=1 kv_path=0.014 ms
ds4: metal layer stage part=decode layer=8 pos=8193 tokens=1 compressor_indexer=0.274 ms
ds4: metal layer stage part=decode layer=8 pos=8193 tokens=1 attention=0.181 ms
ds4: metal layer stage part=decode layer=8 pos=8193 tokens=1 attn_output=0.310 ms
ds4: metal layer stage part=decode layer=8 pos=8193 tokens=1 attn_hc_post=0.001 ms
ds4: metal layer stage part=decode layer=8 pos=8193 tokens=1 ffn_hc_pre=0.023 ms
ds4: metal layer stage part=decode layer=8 pos=8193 tokens=1 ffn_norm=0.001 ms
ds4: metal layer stage part=decode layer=8 pos=8193 tokens=1 router=0.025 ms
ds4: metal layer stage part=decode layer=8 pos=8193 tokens=1 routed_moe=0.358 ms
ds4: metal layer stage part=decode layer=8 pos=8193 tokens=1 shared_gate_up=0.087 ms
ds4: metal layer stage part=decode layer=8 pos=8193 tokens=1 shared_down=0.055 ms
ds4: metal layer stage part=decode layer=8 pos=8193 tokens=1 ffn_hc_post=0.001 ms
ds4: metal layer stage part=decode layer=9 pos=8193 tokens=1 attn_hc_pre=0.027 ms
ds4: metal layer stage part=decode layer=9 pos=8193 tokens=1 attn_norm=0.001 ms
ds4: metal layer stage part=decode layer=9 pos=8193 tokens=1 q_path=0.203 ms
ds4: metal layer stage part=decode layer=9 pos=8193 tokens=1 kv_path=0.014 ms
ds4: metal layer stage part=decode layer=9 pos=8193 tokens=1 compressor_indexer=0.048 ms
ds4: metal layer stage part=decode layer=9 pos=8193 tokens=1 attention=0.106 ms
ds4: metal layer stage part=decode layer=9 pos=8193 tokens=1 attn_output=0.311 ms
ds4: metal layer stage part=decode layer=9 pos=8193 tokens=1 attn_hc_post=0.001 ms
ds4: metal layer stage part=decode layer=9 pos=8193 tokens=1 ffn_hc_pre=0.024 ms
ds4: metal layer stage part=decode layer=9 pos=8193 tokens=1 ffn_norm=0.001 ms
ds4: metal layer stage part=decode layer=9 pos=8193 tokens=1 router=0.024 ms
ds4: metal layer stage part=decode layer=9 pos=8193 tokens=1 routed_moe=0.350 ms
ds4: metal layer stage part=decode layer=9 pos=8193 tokens=1 shared_gate_up=0.093 ms
ds4: metal layer stage part=decode layer=9 pos=8193 tokens=1 shared_down=0.052 ms
ds4: metal layer stage part=decode layer=9 pos=8193 tokens=1 ffn_hc_post=0.001 ms
ds4: metal layer stage part=decode layer=10 pos=8193 tokens=1 attn_hc_pre=0.026 ms
ds4: metal layer stage part=decode layer=10 pos=8193 tokens=1 attn_norm=0.001 ms
ds4: metal layer stage part=decode layer=10 pos=8193 tokens=1 q_path=0.199 ms
ds4: metal layer stage part=decode layer=10 pos=8193 tokens=1 kv_path=0.014 ms
ds4: metal layer stage part=decode layer=10 pos=8193 tokens=1 compressor_indexer=0.270 ms
ds4: metal layer stage part=decode layer=10 pos=8193 tokens=1 attention=0.182 ms
ds4: metal layer stage part=decode layer=10 pos=8193 tokens=1 attn_output=0.316 ms
ds4: metal layer stage part=decode layer=10 pos=8193 tokens=1 attn_hc_post=0.001 ms
ds4: metal layer stage part=decode layer=10 pos=8193 tokens=1 ffn_hc_pre=0.024 ms
ds4: metal layer stage part=decode layer=10 pos=8193 tokens=1 ffn_norm=0.001 ms
ds4: metal layer stage part=decode layer=10 pos=8193 tokens=1 router=0.025 ms
ds4: metal layer stage part=decode layer=10 pos=8193 tokens=1 routed_moe=0.350 ms
ds4: metal layer stage part=decode layer=10 pos=8193 tokens=1 shared_gate_up=0.089 ms
ds4: metal layer stage part=decode layer=10 pos=8193 tokens=1 shared_down=0.049 ms
ds4: metal layer stage part=decode layer=10 pos=8193 tokens=1 ffn_hc_post=0.001 ms
ds4: metal layer stage part=decode layer=11 pos=8193 tokens=1 attn_hc_pre=0.027 ms
ds4: metal layer stage part=decode layer=11 pos=8193 tokens=1 attn_norm=0.001 ms
ds4: metal layer stage part=decode layer=11 pos=8193 tokens=1 q_path=0.207 ms
ds4: metal layer stage part=decode layer=11 pos=8193 tokens=1 kv_path=0.015 ms
ds4: metal layer stage part=decode layer=11 pos=8193 tokens=1 compressor_indexer=0.049 ms
ds4: metal layer stage part=decode layer=11 pos=8193 tokens=1 attention=0.108 ms
ds4: metal layer stage part=decode layer=11 pos=8193 tokens=1 attn_output=0.305 ms
ds4: metal layer stage part=decode layer=11 pos=8193 tokens=1 attn_hc_post=0.001 ms
ds4: metal layer stage part=decode layer=11 pos=8193 tokens=1 ffn_hc_pre=0.027 ms
ds4: metal layer stage part=decode layer=11 pos=8193 tokens=1 ffn_norm=0.001 ms
ds4: metal layer stage part=decode layer=11 pos=8193 tokens=1 router=0.027 ms
ds4: metal layer stage part=decode layer=11 pos=8193 tokens=1 routed_moe=0.351 ms
ds4: metal layer stage part=decode layer=11 pos=8193 tokens=1 shared_gate_up=0.088 ms
ds4: metal layer stage part=decode layer=11 pos=8193 tokens=1 shared_down=0.052 ms
ds4: metal layer stage part=decode layer=11 pos=8193 tokens=1 ffn_hc_post=0.001 ms
ds4: metal layer stage part=decode layer=12 pos=8193 tokens=1 attn_hc_pre=0.028 ms
ds4: metal layer stage part=decode layer=12 pos=8193 tokens=1 attn_norm=0.001 ms
ds4: metal layer stage part=decode layer=12 pos=8193 tokens=1 q_path=0.213 ms
ds4: metal layer stage part=decode layer=12 pos=8193 tokens=1 kv_path=0.014 ms
ds4: metal layer stage part=decode layer=12 pos=8193 tokens=1 compressor_indexer=0.270 ms
ds4: metal layer stage part=decode layer=12 pos=8193 tokens=1 attention=0.169 ms
ds4: metal layer stage part=decode layer=12 pos=8193 tokens=1 attn_output=0.319 ms
ds4: metal layer stage part=decode layer=12 pos=8193 tokens=1 attn_hc_post=0.002 ms
ds4: metal layer stage part=decode layer=12 pos=8193 tokens=1 ffn_hc_pre=0.026 ms
ds4: metal layer stage part=decode layer=12 pos=8193 tokens=1 ffn_norm=0.001 ms
ds4: metal layer stage part=decode layer=12 pos=8193 tokens=1 router=0.028 ms
ds4: metal layer stage part=decode layer=12 pos=8193 tokens=1 routed_moe=0.386 ms
ds4: metal layer stage part=decode layer=12 pos=8193 tokens=1 shared_gate_up=0.088 ms
ds4: metal layer stage part=decode layer=12 pos=8193 tokens=1 shared_down=0.051 ms
ds4: metal layer stage part=decode layer=12 pos=8193 tokens=1 ffn_hc_post=0.001 ms
ds4: metal layer stage part=decode layer=13 pos=8193 tokens=1 attn_hc_pre=0.029 ms
ds4: metal layer stage part=decode layer=13 pos=8193 tokens=1 attn_norm=0.001 ms
ds4: metal layer stage part=decode layer=13 pos=8193 tokens=1 q_path=0.209 ms
ds4: metal layer stage part=decode layer=13 pos=8193 tokens=1 kv_path=0.015 ms
ds4: metal layer stage part=decode layer=13 pos=8193 tokens=1 compressor_indexer=0.050 ms
ds4: metal layer stage part=decode layer=13 pos=8193 tokens=1 attention=0.107 ms
ds4: metal layer stage part=decode layer=13 pos=8193 tokens=1 attn_output=0.320 ms
ds4: metal layer stage part=decode layer=13 pos=8193 tokens=1 attn_hc_post=0.001 ms
ds4: metal layer stage part=decode layer=13 pos=8193 tokens=1 ffn_hc_pre=0.025 ms
ds4: metal layer stage part=decode layer=13 pos=8193 tokens=1 ffn_norm=0.001 ms
ds4: metal layer stage part=decode layer=13 pos=8193 tokens=1 router=0.027 ms
ds4: metal layer stage part=decode layer=13 pos=8193 tokens=1 routed_moe=0.355 ms
ds4: metal layer stage part=decode layer=13 pos=8193 tokens=1 shared_gate_up=0.088 ms
ds4: metal layer stage part=decode layer=13 pos=8193 tokens=1 shared_down=0.054 ms
ds4: metal layer stage part=decode layer=13 pos=8193 tokens=1 ffn_hc_post=0.001 ms
ds4: metal layer stage part=decode layer=14 pos=8193 tokens=1 attn_hc_pre=0.023 ms
ds4: metal layer stage part=decode layer=14 pos=8193 tokens=1 attn_norm=0.001 ms
ds4: metal layer stage part=decode layer=14 pos=8193 tokens=1 q_path=0.206 ms
ds4: metal layer stage part=decode layer=14 pos=8193 tokens=1 kv_path=0.013 ms
ds4: metal layer stage part=decode layer=14 pos=8193 tokens=1 compressor_indexer=0.268 ms
ds4: metal layer stage part=decode layer=14 pos=8193 tokens=1 attention=0.171 ms
ds4: metal layer stage part=decode layer=14 pos=8193 tokens=1 attn_output=0.304 ms
ds4: metal layer stage part=decode layer=14 pos=8193 tokens=1 attn_hc_post=0.002 ms
ds4: metal layer stage part=decode layer=14 pos=8193 tokens=1 ffn_hc_pre=0.027 ms
ds4: metal layer stage part=decode layer=14 pos=8193 tokens=1 ffn_norm=0.001 ms
ds4: metal layer stage part=decode layer=14 pos=8193 tokens=1 router=0.026 ms
ds4: metal layer stage part=decode layer=14 pos=8193 tokens=1 routed_moe=0.355 ms
ds4: metal layer stage part=decode layer=14 pos=8193 tokens=1 shared_gate_up=0.091 ms
ds4: metal layer stage part=decode layer=14 pos=8193 tokens=1 shared_down=0.048 ms
ds4: metal layer stage part=decode layer=14 pos=8193 tokens=1 ffn_hc_post=0.001 ms
ds4: metal layer stage part=decode layer=15 pos=8193 tokens=1 attn_hc_pre=0.025 ms
ds4: metal layer stage part=decode layer=15 pos=8193 tokens=1 attn_norm=0.001 ms
ds4: metal layer stage part=decode layer=15 pos=8193 tokens=1 q_path=0.205 ms
ds4: metal layer stage part=decode layer=15 pos=8193 tokens=1 kv_path=0.014 ms
ds4: metal layer stage part=decode layer=15 pos=8193 tokens=1 compressor_indexer=0.050 ms
ds4: metal layer stage part=decode layer=15 pos=8193 tokens=1 attention=0.107 ms
ds4: metal layer stage part=decode layer=15 pos=8193 tokens=1 attn_output=0.316 ms
ds4: metal layer stage part=decode layer=15 pos=8193 tokens=1 attn_hc_post=0.001 ms
ds4: metal layer stage part=decode layer=15 pos=8193 tokens=1 ffn_hc_pre=0.024 ms
ds4: metal layer stage part=decode layer=15 pos=8193 tokens=1 ffn_norm=0.001 ms
ds4: metal layer stage part=decode layer=15 pos=8193 tokens=1 router=0.028 ms
ds4: metal layer stage part=decode layer=15 pos=8193 tokens=1 routed_moe=0.365 ms
ds4: metal layer stage part=decode layer=15 pos=8193 tokens=1 shared_gate_up=0.089 ms
ds4: metal layer stage part=decode layer=15 pos=8193 tokens=1 shared_down=0.051 ms
ds4: metal layer stage part=decode layer=15 pos=8193 tokens=1 ffn_hc_post=0.001 ms
ds4: metal layer stage part=decode layer=16 pos=8193 tokens=1 attn_hc_pre=0.024 ms
ds4: metal layer stage part=decode layer=16 pos=8193 tokens=1 attn_norm=0.001 ms
ds4: metal layer stage part=decode layer=16 pos=8193 tokens=1 q_path=0.217 ms
ds4: metal layer stage part=decode layer=16 pos=8193 tokens=1 kv_path=0.015 ms
ds4: metal layer stage part=decode layer=16 pos=8193 tokens=1 compressor_indexer=0.270 ms
ds4: metal layer stage part=decode layer=16 pos=8193 tokens=1 attention=0.177 ms
ds4: metal layer stage part=decode layer=16 pos=8193 tokens=1 attn_output=0.308 ms
ds4: metal layer stage part=decode layer=16 pos=8193 tokens=1 attn_hc_post=0.002 ms
ds4: metal layer stage part=decode layer=16 pos=8193 tokens=1 ffn_hc_pre=0.023 ms
ds4: metal layer stage part=decode layer=16 pos=8193 tokens=1 ffn_norm=0.001 ms
ds4: metal layer stage part=decode layer=16 pos=8193 tokens=1 router=0.029 ms
ds4: metal layer stage part=decode layer=16 pos=8193 tokens=1 routed_moe=0.362 ms
ds4: metal layer stage part=decode layer=16 pos=8193 tokens=1 shared_gate_up=0.095 ms
ds4: metal layer stage part=decode layer=16 pos=8193 tokens=1 shared_down=0.052 ms
ds4: metal layer stage part=decode layer=16 pos=8193 tokens=1 ffn_hc_post=0.001 ms
ds4: metal layer stage part=decode layer=17 pos=8193 tokens=1 attn_hc_pre=0.027 ms
ds4: metal layer stage part=decode layer=17 pos=8193 tokens=1 attn_norm=0.001 ms
ds4: metal layer stage part=decode layer=17 pos=8193 tokens=1 q_path=0.214 ms
ds4: metal layer stage part=decode layer=17 pos=8193 tokens=1 kv_path=0.014 ms
ds4: metal layer stage part=decode layer=17 pos=8193 tokens=1 compressor_indexer=0.046 ms
ds4: metal layer stage part=decode layer=17 pos=8193 tokens=1 attention=0.107 ms
ds4: metal layer stage part=decode layer=17 pos=8193 tokens=1 attn_output=0.318 ms
ds4: metal layer stage part=decode layer=17 pos=8193 tokens=1 attn_hc_post=0.002 ms
ds4: metal layer stage part=decode layer=17 pos=8193 tokens=1 ffn_hc_pre=0.026 ms
ds4: metal layer stage part=decode layer=17 pos=8193 tokens=1 ffn_norm=0.001 ms
ds4: metal layer stage part=decode layer=17 pos=8193 tokens=1 router=0.028 ms
ds4: metal layer stage part=decode layer=17 pos=8193 tokens=1 routed_moe=0.353 ms
ds4: metal layer stage part=decode layer=17 pos=8193 tokens=1 shared_gate_up=0.090 ms
ds4: metal layer stage part=decode layer=17 pos=8193 tokens=1 shared_down=0.053 ms
ds4: metal layer stage part=decode layer=17 pos=8193 tokens=1 ffn_hc_post=0.001 ms
ds4: metal layer stage part=decode layer=18 pos=8193 tokens=1 attn_hc_pre=0.028 ms
ds4: metal layer stage part=decode layer=18 pos=8193 tokens=1 attn_norm=0.001 ms
ds4: metal layer stage part=decode layer=18 pos=8193 tokens=1 q_path=0.216 ms
ds4: metal layer stage part=decode layer=18 pos=8193 tokens=1 kv_path=0.014 ms
ds4: metal layer stage part=decode layer=18 pos=8193 tokens=1 compressor_indexer=0.272 ms
ds4: metal layer stage part=decode layer=18 pos=8193 tokens=1 attention=0.177 ms
ds4: metal layer stage part=decode layer=18 pos=8193 tokens=1 attn_output=0.312 ms
ds4: metal layer stage part=decode layer=18 pos=8193 tokens=1 attn_hc_post=0.001 ms
ds4: metal layer stage part=decode layer=18 pos=8193 tokens=1 ffn_hc_pre=0.025 ms
ds4: metal layer stage part=decode layer=18 pos=8193 tokens=1 ffn_norm=0.001 ms
ds4: metal layer stage part=decode layer=18 pos=8193 tokens=1 router=0.027 ms
ds4: metal layer stage part=decode layer=18 pos=8193 tokens=1 routed_moe=0.362 ms
ds4: metal layer stage part=decode layer=18 pos=8193 tokens=1 shared_gate_up=0.093 ms
ds4: metal layer stage part=decode layer=18 pos=8193 tokens=1 shared_down=0.056 ms
ds4: metal layer stage part=decode layer=18 pos=8193 tokens=1 ffn_hc_post=0.001 ms
ds4: metal layer stage part=decode layer=19 pos=8193 tokens=1 attn_hc_pre=0.029 ms
ds4: metal layer stage part=decode layer=19 pos=8193 tokens=1 attn_norm=0.001 ms
ds4: metal layer stage part=decode layer=19 pos=8193 tokens=1 q_path=0.212 ms
ds4: metal layer stage part=decode layer=19 pos=8193 tokens=1 kv_path=0.014 ms
ds4: metal layer stage part=decode layer=19 pos=8193 tokens=1 compressor_indexer=0.049 ms
ds4: metal layer stage part=decode layer=19 pos=8193 tokens=1 attention=0.107 ms
ds4: metal layer stage part=decode layer=19 pos=8193 tokens=1 attn_output=0.314 ms
ds4: metal layer stage part=decode layer=19 pos=8193 tokens=1 attn_hc_post=0.002 ms
ds4: metal layer stage part=decode layer=19 pos=8193 tokens=1 ffn_hc_pre=0.026 ms
ds4: metal layer stage part=decode layer=19 pos=8193 tokens=1 ffn_norm=0.001 ms
ds4: metal layer stage part=decode layer=19 pos=8193 tokens=1 router=0.029 ms
ds4: metal layer stage part=decode layer=19 pos=8193 tokens=1 routed_moe=0.363 ms
ds4: metal layer stage part=decode layer=19 pos=8193 tokens=1 shared_gate_up=0.093 ms
ds4: metal layer stage part=decode layer=19 pos=8193 tokens=1 shared_down=0.054 ms
ds4: metal layer stage part=decode layer=19 pos=8193 tokens=1 ffn_hc_post=0.001 ms
ds4: metal layer stage part=decode layer=20 pos=8193 tokens=1 attn_hc_pre=0.026 ms
ds4: metal layer stage part=decode layer=20 pos=8193 tokens=1 attn_norm=0.001 ms
ds4: metal layer stage part=decode layer=20 pos=8193 tokens=1 q_path=0.215 ms
ds4: metal layer stage part=decode layer=20 pos=8193 tokens=1 kv_path=0.014 ms
ds4: metal layer stage part=decode layer=20 pos=8193 tokens=1 compressor_indexer=0.284 ms
ds4: metal layer stage part=decode layer=20 pos=8193 tokens=1 attention=0.173 ms
ds4: metal layer stage part=decode layer=20 pos=8193 tokens=1 attn_output=0.312 ms
ds4: metal layer stage part=decode layer=20 pos=8193 tokens=1 attn_hc_post=0.001 ms
ds4: metal layer stage part=decode layer=20 pos=8193 tokens=1 ffn_hc_pre=0.024 ms
ds4: metal layer stage part=decode layer=20 pos=8193 tokens=1 ffn_norm=0.001 ms
ds4: metal layer stage part=decode layer=20 pos=8193 tokens=1 router=0.027 ms
ds4: metal layer stage part=decode layer=20 pos=8193 tokens=1 routed_moe=0.350 ms
ds4: metal layer stage part=decode layer=20 pos=8193 tokens=1 shared_gate_up=0.088 ms
ds4: metal layer stage part=decode layer=20 pos=8193 tokens=1 shared_down=0.050 ms
ds4: metal layer stage part=decode layer=20 pos=8193 tokens=1 ffn_hc_post=0.001 ms
ds4: metal layer stage part=decode layer=21 pos=8193 tokens=1 attn_hc_pre=0.027 ms
ds4: metal layer stage part=decode layer=21 pos=8193 tokens=1 attn_norm=0.001 ms
ds4: metal layer stage part=decode layer=21 pos=8193 tokens=1 q_path=0.197 ms
ds4: metal layer stage part=decode layer=21 pos=8193 tokens=1 kv_path=0.014 ms
ds4: metal layer stage part=decode layer=21 pos=8193 tokens=1 compressor_indexer=0.047 ms
ds4: metal layer stage part=decode layer=21 pos=8193 tokens=1 attention=0.107 ms
ds4: metal layer stage part=decode layer=21 pos=8193 tokens=1 attn_output=0.317 ms
ds4: metal layer stage part=decode layer=21 pos=8193 tokens=1 attn_hc_post=0.001 ms
ds4: metal layer stage part=decode layer=21 pos=8193 tokens=1 ffn_hc_pre=0.027 ms
ds4: metal layer stage part=decode layer=21 pos=8193 tokens=1 ffn_norm=0.001 ms
ds4: metal layer stage part=decode layer=21 pos=8193 tokens=1 router=0.025 ms
ds4: metal layer stage part=decode layer=21 pos=8193 tokens=1 routed_moe=0.360 ms
ds4: metal layer stage part=decode layer=21 pos=8193 tokens=1 shared_gate_up=0.087 ms
ds4: metal layer stage part=decode layer=21 pos=8193 tokens=1 shared_down=0.051 ms
ds4: metal layer stage part=decode layer=21 pos=8193 tokens=1 ffn_hc_post=0.001 ms
ds4: metal layer stage part=decode layer=22 pos=8193 tokens=1 attn_hc_pre=0.022 ms
ds4: metal layer stage part=decode layer=22 pos=8193 tokens=1 attn_norm=0.001 ms
ds4: metal layer stage part=decode layer=22 pos=8193 tokens=1 q_path=0.201 ms
ds4: metal layer stage part=decode layer=22 pos=8193 tokens=1 kv_path=0.014 ms
ds4: metal layer stage part=decode layer=22 pos=8193 tokens=1 compressor_indexer=0.270 ms
ds4: metal layer stage part=decode layer=22 pos=8193 tokens=1 attention=0.169 ms
ds4: metal layer stage part=decode layer=22 pos=8193 tokens=1 attn_output=0.315 ms
ds4: metal layer stage part=decode layer=22 pos=8193 tokens=1 attn_hc_post=0.001 ms
ds4: metal layer stage part=decode layer=22 pos=8193 tokens=1 ffn_hc_pre=0.023 ms
ds4: metal layer stage part=decode layer=22 pos=8193 tokens=1 ffn_norm=0.001 ms
ds4: metal layer stage part=decode layer=22 pos=8193 tokens=1 router=0.025 ms
ds4: metal layer stage part=decode layer=22 pos=8193 tokens=1 routed_moe=0.358 ms
ds4: metal layer stage part=decode layer=22 pos=8193 tokens=1 shared_gate_up=0.094 ms
ds4: metal layer stage part=decode layer=22 pos=8193 tokens=1 shared_down=0.054 ms
ds4: metal layer stage part=decode layer=22 pos=8193 tokens=1 ffn_hc_post=0.002 ms
ds4: metal layer stage part=decode layer=23 pos=8193 tokens=1 attn_hc_pre=0.027 ms
ds4: metal layer stage part=decode layer=23 pos=8193 tokens=1 attn_norm=0.001 ms
ds4: metal layer stage part=decode layer=23 pos=8193 tokens=1 q_path=0.206 ms
ds4: metal layer stage part=decode layer=23 pos=8193 tokens=1 kv_path=0.014 ms
ds4: metal layer stage part=decode layer=23 pos=8193 tokens=1 compressor_indexer=0.049 ms
ds4: metal layer stage part=decode layer=23 pos=8193 tokens=1 attention=0.107 ms
ds4: metal layer stage part=decode layer=23 pos=8193 tokens=1 attn_output=0.315 ms
ds4: metal layer stage part=decode layer=23 pos=8193 tokens=1 attn_hc_post=0.001 ms
ds4: metal layer stage part=decode layer=23 pos=8193 tokens=1 ffn_hc_pre=0.025 ms
ds4: metal layer stage part=decode layer=23 pos=8193 tokens=1 ffn_norm=0.001 ms
ds4: metal layer stage part=decode layer=23 pos=8193 tokens=1 router=0.028 ms
ds4: metal layer stage part=decode layer=23 pos=8193 tokens=1 routed_moe=0.367 ms
ds4: metal layer stage part=decode layer=23 pos=8193 tokens=1 shared_gate_up=0.089 ms
ds4: metal layer stage part=decode layer=23 pos=8193 tokens=1 shared_down=0.054 ms
ds4: metal layer stage part=decode layer=23 pos=8193 tokens=1 ffn_hc_post=0.001 ms
ds4: metal layer stage part=decode layer=24 pos=8193 tokens=1 attn_hc_pre=0.026 ms
ds4: metal layer stage part=decode layer=24 pos=8193 tokens=1 attn_norm=0.001 ms
ds4: metal layer stage part=decode layer=24 pos=8193 tokens=1 q_path=0.217 ms
ds4: metal layer stage part=decode layer=24 pos=8193 tokens=1 kv_path=0.014 ms
ds4: metal layer stage part=decode layer=24 pos=8193 tokens=1 compressor_indexer=0.277 ms
ds4: metal layer stage part=decode layer=24 pos=8193 tokens=1 attention=0.173 ms
ds4: metal layer stage part=decode layer=24 pos=8193 tokens=1 attn_output=0.360 ms
ds4: metal layer stage part=decode layer=24 pos=8193 tokens=1 attn_hc_post=0.001 ms
ds4: metal layer stage part=decode layer=24 pos=8193 tokens=1 ffn_hc_pre=0.023 ms
ds4: metal layer stage part=decode layer=24 pos=8193 tokens=1 ffn_norm=0.001 ms
ds4: metal layer stage part=decode layer=24 pos=8193 tokens=1 router=0.029 ms
ds4: metal layer stage part=decode layer=24 pos=8193 tokens=1 routed_moe=0.358 ms
ds4: metal layer stage part=decode layer=24 pos=8193 tokens=1 shared_gate_up=0.095 ms
ds4: metal layer stage part=decode layer=24 pos=8193 tokens=1 shared_down=0.054 ms
ds4: metal layer stage part=decode layer=24 pos=8193 tokens=1 ffn_hc_post=0.001 ms
ds4: metal layer stage part=decode layer=25 pos=8193 tokens=1 attn_hc_pre=0.029 ms
ds4: metal layer stage part=decode layer=25 pos=8193 tokens=1 attn_norm=0.002 ms
ds4: metal layer stage part=decode layer=25 pos=8193 tokens=1 q_path=0.214 ms
ds4: metal layer stage part=decode layer=25 pos=8193 tokens=1 kv_path=0.014 ms
ds4: metal layer stage part=decode layer=25 pos=8193 tokens=1 compressor_indexer=0.049 ms
ds4: metal layer stage part=decode layer=25 pos=8193 tokens=1 attention=0.108 ms
ds4: metal layer stage part=decode layer=25 pos=8193 tokens=1 attn_output=0.318 ms
ds4: metal layer stage part=decode layer=25 pos=8193 tokens=1 attn_hc_post=0.001 ms
ds4: metal layer stage part=decode layer=25 pos=8193 tokens=1 ffn_hc_pre=0.023 ms
ds4: metal layer stage part=decode layer=25 pos=8193 tokens=1 ffn_norm=0.001 ms
ds4: metal layer stage part=decode layer=25 pos=8193 tokens=1 router=0.029 ms
ds4: metal layer stage part=decode layer=25 pos=8193 tokens=1 routed_moe=0.359 ms
ds4: metal layer stage part=decode layer=25 pos=8193 tokens=1 shared_gate_up=0.087 ms
ds4: metal layer stage part=decode layer=25 pos=8193 tokens=1 shared_down=0.051 ms
ds4: metal layer stage part=decode layer=25 pos=8193 tokens=1 ffn_hc_post=0.001 ms
ds4: metal layer stage part=decode layer=26 pos=8193 tokens=1 attn_hc_pre=0.029 ms
ds4: metal layer stage part=decode layer=26 pos=8193 tokens=1 attn_norm=0.001 ms
ds4: metal layer stage part=decode layer=26 pos=8193 tokens=1 q_path=0.212 ms
ds4: metal layer stage part=decode layer=26 pos=8193 tokens=1 kv_path=0.013 ms
ds4: metal layer stage part=decode layer=26 pos=8193 tokens=1 compressor_indexer=0.275 ms
ds4: metal layer stage part=decode layer=26 pos=8193 tokens=1 attention=0.171 ms
ds4: metal layer stage part=decode layer=26 pos=8193 tokens=1 attn_output=0.315 ms
ds4: metal layer stage part=decode layer=26 pos=8193 tokens=1 attn_hc_post=0.003 ms
ds4: metal layer stage part=decode layer=26 pos=8193 tokens=1 ffn_hc_pre=0.024 ms
ds4: metal layer stage part=decode layer=26 pos=8193 tokens=1 ffn_norm=0.001 ms
ds4: metal layer stage part=decode layer=26 pos=8193 tokens=1 router=0.031 ms
ds4: metal layer stage part=decode layer=26 pos=8193 tokens=1 routed_moe=0.363 ms
ds4: metal layer stage part=decode layer=26 pos=8193 tokens=1 shared_gate_up=0.094 ms
ds4: metal layer stage part=decode layer=26 pos=8193 tokens=1 shared_down=0.053 ms
ds4: metal layer stage part=decode layer=26 pos=8193 tokens=1 ffn_hc_post=0.001 ms
ds4: metal layer stage part=decode layer=27 pos=8193 tokens=1 attn_hc_pre=0.023 ms
ds4: metal layer stage part=decode layer=27 pos=8193 tokens=1 attn_norm=0.001 ms
ds4: metal layer stage part=decode layer=27 pos=8193 tokens=1 q_path=0.200 ms
ds4: metal layer stage part=decode layer=27 pos=8193 tokens=1 kv_path=0.014 ms
ds4: metal layer stage part=decode layer=27 pos=8193 tokens=1 compressor_indexer=0.049 ms
ds4: metal layer stage part=decode layer=27 pos=8193 tokens=1 attention=0.107 ms
ds4: metal layer stage part=decode layer=27 pos=8193 tokens=1 attn_output=0.313 ms
ds4: metal layer stage part=decode layer=27 pos=8193 tokens=1 attn_hc_post=0.001 ms
ds4: metal layer stage part=decode layer=27 pos=8193 tokens=1 ffn_hc_pre=0.023 ms
ds4: metal layer stage part=decode layer=27 pos=8193 tokens=1 ffn_norm=0.001 ms
ds4: metal layer stage part=decode layer=27 pos=8193 tokens=1 router=0.024 ms
ds4: metal layer stage part=decode layer=27 pos=8193 tokens=1 routed_moe=0.362 ms
ds4: metal layer stage part=decode layer=27 pos=8193 tokens=1 shared_gate_up=0.085 ms
ds4: metal layer stage part=decode layer=27 pos=8193 tokens=1 shared_down=0.049 ms
ds4: metal layer stage part=decode layer=27 pos=8193 tokens=1 ffn_hc_post=0.001 ms
ds4: metal layer stage part=decode layer=28 pos=8193 tokens=1 attn_hc_pre=0.022 ms
ds4: metal layer stage part=decode layer=28 pos=8193 tokens=1 attn_norm=0.001 ms
ds4: metal layer stage part=decode layer=28 pos=8193 tokens=1 q_path=0.204 ms
ds4: metal layer stage part=decode layer=28 pos=8193 tokens=1 kv_path=0.014 ms
ds4: metal layer stage part=decode layer=28 pos=8193 tokens=1 compressor_indexer=0.266 ms
ds4: metal layer stage part=decode layer=28 pos=8193 tokens=1 attention=0.172 ms
ds4: metal layer stage part=decode layer=28 pos=8193 tokens=1 attn_output=0.331 ms
ds4: metal layer stage part=decode layer=28 pos=8193 tokens=1 attn_hc_post=0.002 ms
ds4: metal layer stage part=decode layer=28 pos=8193 tokens=1 ffn_hc_pre=0.024 ms
ds4: metal layer stage part=decode layer=28 pos=8193 tokens=1 ffn_norm=0.001 ms
ds4: metal layer stage part=decode layer=28 pos=8193 tokens=1 router=0.024 ms
ds4: metal layer stage part=decode layer=28 pos=8193 tokens=1 routed_moe=0.353 ms
ds4: metal layer stage part=decode layer=28 pos=8193 tokens=1 shared_gate_up=0.091 ms
ds4: metal layer stage part=decode layer=28 pos=8193 tokens=1 shared_down=0.049 ms
ds4: metal layer stage part=decode layer=28 pos=8193 tokens=1 ffn_hc_post=0.001 ms
ds4: metal layer stage part=decode layer=29 pos=8193 tokens=1 attn_hc_pre=0.023 ms
ds4: metal layer stage part=decode layer=29 pos=8193 tokens=1 attn_norm=0.001 ms
ds4: metal layer stage part=decode layer=29 pos=8193 tokens=1 q_path=0.206 ms
ds4: metal layer stage part=decode layer=29 pos=8193 tokens=1 kv_path=0.014 ms
ds4: metal layer stage part=decode layer=29 pos=8193 tokens=1 compressor_indexer=0.046 ms
ds4: metal layer stage part=decode layer=29 pos=8193 tokens=1 attention=0.107 ms
ds4: metal layer stage part=decode layer=29 pos=8193 tokens=1 attn_output=0.315 ms
ds4: metal layer stage part=decode layer=29 pos=8193 tokens=1 attn_hc_post=0.001 ms
ds4: metal layer stage part=decode layer=29 pos=8193 tokens=1 ffn_hc_pre=0.023 ms
ds4: metal layer stage part=decode layer=29 pos=8193 tokens=1 ffn_norm=0.001 ms
ds4: metal layer stage part=decode layer=29 pos=8193 tokens=1 router=0.024 ms
ds4: metal layer stage part=decode layer=29 pos=8193 tokens=1 routed_moe=0.351 ms
ds4: metal layer stage part=decode layer=29 pos=8193 tokens=1 shared_gate_up=0.095 ms
ds4: metal layer stage part=decode layer=29 pos=8193 tokens=1 shared_down=0.048 ms
ds4: metal layer stage part=decode layer=29 pos=8193 tokens=1 ffn_hc_post=0.001 ms
ds4: metal layer stage part=decode layer=30 pos=8193 tokens=1 attn_hc_pre=0.029 ms
ds4: metal layer stage part=decode layer=30 pos=8193 tokens=1 attn_norm=0.001 ms
ds4: metal layer stage part=decode layer=30 pos=8193 tokens=1 q_path=0.208 ms
ds4: metal layer stage part=decode layer=30 pos=8193 tokens=1 kv_path=0.015 ms
ds4: metal layer stage part=decode layer=30 pos=8193 tokens=1 compressor_indexer=0.268 ms
ds4: metal layer stage part=decode layer=30 pos=8193 tokens=1 attention=0.174 ms
ds4: metal layer stage part=decode layer=30 pos=8193 tokens=1 attn_output=0.315 ms
ds4: metal layer stage part=decode layer=30 pos=8193 tokens=1 attn_hc_post=0.001 ms
ds4: metal layer stage part=decode layer=30 pos=8193 tokens=1 ffn_hc_pre=0.023 ms
ds4: metal layer stage part=decode layer=30 pos=8193 tokens=1 ffn_norm=0.001 ms
ds4: metal layer stage part=decode layer=30 pos=8193 tokens=1 router=0.028 ms
ds4: metal layer stage part=decode layer=30 pos=8193 tokens=1 routed_moe=0.355 ms
ds4: metal layer stage part=decode layer=30 pos=8193 tokens=1 shared_gate_up=0.087 ms
ds4: metal layer stage part=decode layer=30 pos=8193 tokens=1 shared_down=0.052 ms
ds4: metal layer stage part=decode layer=30 pos=8193 tokens=1 ffn_hc_post=0.001 ms
ds4: metal layer stage part=decode layer=31 pos=8193 tokens=1 attn_hc_pre=0.028 ms
ds4: metal layer stage part=decode layer=31 pos=8193 tokens=1 attn_norm=0.001 ms
ds4: metal layer stage part=decode layer=31 pos=8193 tokens=1 q_path=0.209 ms
ds4: metal layer stage part=decode layer=31 pos=8193 tokens=1 kv_path=0.014 ms
ds4: metal layer stage part=decode layer=31 pos=8193 tokens=1 compressor_indexer=0.051 ms
ds4: metal layer stage part=decode layer=31 pos=8193 tokens=1 attention=0.107 ms
ds4: metal layer stage part=decode layer=31 pos=8193 tokens=1 attn_output=0.311 ms
ds4: metal layer stage part=decode layer=31 pos=8193 tokens=1 attn_hc_post=0.002 ms
ds4: metal layer stage part=decode layer=31 pos=8193 tokens=1 ffn_hc_pre=0.025 ms
ds4: metal layer stage part=decode layer=31 pos=8193 tokens=1 ffn_norm=0.001 ms
ds4: metal layer stage part=decode layer=31 pos=8193 tokens=1 router=0.028 ms
ds4: metal layer stage part=decode layer=31 pos=8193 tokens=1 routed_moe=0.349 ms
ds4: metal layer stage part=decode layer=31 pos=8193 tokens=1 shared_gate_up=0.094 ms
ds4: metal layer stage part=decode layer=31 pos=8193 tokens=1 shared_down=0.050 ms
ds4: metal layer stage part=decode layer=31 pos=8193 tokens=1 ffn_hc_post=0.001 ms
ds4: metal layer stage part=decode layer=32 pos=8193 tokens=1 attn_hc_pre=0.029 ms
ds4: metal layer stage part=decode layer=32 pos=8193 tokens=1 attn_norm=0.001 ms
ds4: metal layer stage part=decode layer=32 pos=8193 tokens=1 q_path=0.215 ms
ds4: metal layer stage part=decode layer=32 pos=8193 tokens=1 kv_path=0.013 ms
ds4: metal layer stage part=decode layer=32 pos=8193 tokens=1 compressor_indexer=0.284 ms
ds4: metal layer stage part=decode layer=32 pos=8193 tokens=1 attention=0.175 ms
ds4: metal layer stage part=decode layer=32 pos=8193 tokens=1 attn_output=0.323 ms
ds4: metal layer stage part=decode layer=32 pos=8193 tokens=1 attn_hc_post=0.001 ms
ds4: metal layer stage part=decode layer=32 pos=8193 tokens=1 ffn_hc_pre=0.023 ms
ds4: metal layer stage part=decode layer=32 pos=8193 tokens=1 ffn_norm=0.001 ms
ds4: metal layer stage part=decode layer=32 pos=8193 tokens=1 router=0.028 ms
ds4: metal layer stage part=decode layer=32 pos=8193 tokens=1 routed_moe=0.364 ms
ds4: metal layer stage part=decode layer=32 pos=8193 tokens=1 shared_gate_up=0.091 ms
ds4: metal layer stage part=decode layer=32 pos=8193 tokens=1 shared_down=0.052 ms
ds4: metal layer stage part=decode layer=32 pos=8193 tokens=1 ffn_hc_post=0.001 ms
ds4: metal layer stage part=decode layer=33 pos=8193 tokens=1 attn_hc_pre=0.026 ms
ds4: metal layer stage part=decode layer=33 pos=8193 tokens=1 attn_norm=0.002 ms
ds4: metal layer stage part=decode layer=33 pos=8193 tokens=1 q_path=0.207 ms
ds4: metal layer stage part=decode layer=33 pos=8193 tokens=1 kv_path=0.014 ms
ds4: metal layer stage part=decode layer=33 pos=8193 tokens=1 compressor_indexer=0.051 ms
ds4: metal layer stage part=decode layer=33 pos=8193 tokens=1 attention=0.107 ms
ds4: metal layer stage part=decode layer=33 pos=8193 tokens=1 attn_output=0.313 ms
ds4: metal layer stage part=decode layer=33 pos=8193 tokens=1 attn_hc_post=0.002 ms
ds4: metal layer stage part=decode layer=33 pos=8193 tokens=1 ffn_hc_pre=0.026 ms
ds4: metal layer stage part=decode layer=33 pos=8193 tokens=1 ffn_norm=0.001 ms
ds4: metal layer stage part=decode layer=33 pos=8193 tokens=1 router=0.024 ms
ds4: metal layer stage part=decode layer=33 pos=8193 tokens=1 routed_moe=0.355 ms
ds4: metal layer stage part=decode layer=33 pos=8193 tokens=1 shared_gate_up=0.088 ms
ds4: metal layer stage part=decode layer=33 pos=8193 tokens=1 shared_down=0.050 ms
ds4: metal layer stage part=decode layer=33 pos=8193 tokens=1 ffn_hc_post=0.001 ms
ds4: metal layer stage part=decode layer=34 pos=8193 tokens=1 attn_hc_pre=0.028 ms
ds4: metal layer stage part=decode layer=34 pos=8193 tokens=1 attn_norm=0.001 ms
ds4: metal layer stage part=decode layer=34 pos=8193 tokens=1 q_path=0.203 ms
ds4: metal layer stage part=decode layer=34 pos=8193 tokens=1 kv_path=0.013 ms
ds4: metal layer stage part=decode layer=34 pos=8193 tokens=1 compressor_indexer=0.272 ms
ds4: metal layer stage part=decode layer=34 pos=8193 tokens=1 attention=0.176 ms
ds4: metal layer stage part=decode layer=34 pos=8193 tokens=1 attn_output=0.318 ms
ds4: metal layer stage part=decode layer=34 pos=8193 tokens=1 attn_hc_post=0.001 ms
ds4: metal layer stage part=decode layer=34 pos=8193 tokens=1 ffn_hc_pre=0.025 ms
ds4: metal layer stage part=decode layer=34 pos=8193 tokens=1 ffn_norm=0.001 ms
ds4: metal layer stage part=decode layer=34 pos=8193 tokens=1 router=0.029 ms
ds4: metal layer stage part=decode layer=34 pos=8193 tokens=1 routed_moe=0.352 ms
ds4: metal layer stage part=decode layer=34 pos=8193 tokens=1 shared_gate_up=0.089 ms
ds4: metal layer stage part=decode layer=34 pos=8193 tokens=1 shared_down=0.048 ms
ds4: metal layer stage part=decode layer=34 pos=8193 tokens=1 ffn_hc_post=0.001 ms
ds4: metal layer stage part=decode layer=35 pos=8193 tokens=1 attn_hc_pre=0.028 ms
ds4: metal layer stage part=decode layer=35 pos=8193 tokens=1 attn_norm=0.001 ms
ds4: metal layer stage part=decode layer=35 pos=8193 tokens=1 q_path=0.209 ms
ds4: metal layer stage part=decode layer=35 pos=8193 tokens=1 kv_path=0.014 ms
ds4: metal layer stage part=decode layer=35 pos=8193 tokens=1 compressor_indexer=0.049 ms
ds4: metal layer stage part=decode layer=35 pos=8193 tokens=1 attention=0.106 ms
ds4: metal layer stage part=decode layer=35 pos=8193 tokens=1 attn_output=0.317 ms
ds4: metal layer stage part=decode layer=35 pos=8193 tokens=1 attn_hc_post=0.001 ms
ds4: metal layer stage part=decode layer=35 pos=8193 tokens=1 ffn_hc_pre=0.023 ms
ds4: metal layer stage part=decode layer=35 pos=8193 tokens=1 ffn_norm=0.001 ms
ds4: metal layer stage part=decode layer=35 pos=8193 tokens=1 router=0.028 ms
ds4: metal layer stage part=decode layer=35 pos=8193 tokens=1 routed_moe=0.360 ms
ds4: metal layer stage part=decode layer=35 pos=8193 tokens=1 shared_gate_up=0.090 ms
ds4: metal layer stage part=decode layer=35 pos=8193 tokens=1 shared_down=0.051 ms
ds4: metal layer stage part=decode layer=35 pos=8193 tokens=1 ffn_hc_post=0.001 ms
ds4: metal layer stage part=decode layer=36 pos=8193 tokens=1 attn_hc_pre=0.029 ms
ds4: metal layer stage part=decode layer=36 pos=8193 tokens=1 attn_norm=0.001 ms
ds4: metal layer stage part=decode layer=36 pos=8193 tokens=1 q_path=0.210 ms
ds4: metal layer stage part=decode layer=36 pos=8193 tokens=1 kv_path=0.014 ms
ds4: metal layer stage part=decode layer=36 pos=8193 tokens=1 compressor_indexer=0.296 ms
ds4: metal layer stage part=decode layer=36 pos=8193 tokens=1 attention=0.180 ms
ds4: metal layer stage part=decode layer=36 pos=8193 tokens=1 attn_output=0.314 ms
ds4: metal layer stage part=decode layer=36 pos=8193 tokens=1 attn_hc_post=0.001 ms
ds4: metal layer stage part=decode layer=36 pos=8193 tokens=1 ffn_hc_pre=0.023 ms
ds4: metal layer stage part=decode layer=36 pos=8193 tokens=1 ffn_norm=0.001 ms
ds4: metal layer stage part=decode layer=36 pos=8193 tokens=1 router=0.032 ms
ds4: metal layer stage part=decode layer=36 pos=8193 tokens=1 routed_moe=0.357 ms
ds4: metal layer stage part=decode layer=36 pos=8193 tokens=1 shared_gate_up=0.095 ms
ds4: metal layer stage part=decode layer=36 pos=8193 tokens=1 shared_down=0.055 ms
ds4: metal layer stage part=decode layer=36 pos=8193 tokens=1 ffn_hc_post=0.001 ms
ds4: metal layer stage part=decode layer=37 pos=8193 tokens=1 attn_hc_pre=0.027 ms
ds4: metal layer stage part=decode layer=37 pos=8193 tokens=1 attn_norm=0.001 ms
ds4: metal layer stage part=decode layer=37 pos=8193 tokens=1 q_path=0.218 ms
ds4: metal layer stage part=decode layer=37 pos=8193 tokens=1 kv_path=0.013 ms
ds4: metal layer stage part=decode layer=37 pos=8193 tokens=1 compressor_indexer=0.047 ms
ds4: metal layer stage part=decode layer=37 pos=8193 tokens=1 attention=0.108 ms
ds4: metal layer stage part=decode layer=37 pos=8193 tokens=1 attn_output=0.314 ms
ds4: metal layer stage part=decode layer=37 pos=8193 tokens=1 attn_hc_post=0.001 ms
ds4: metal layer stage part=decode layer=37 pos=8193 tokens=1 ffn_hc_pre=0.025 ms
ds4: metal layer stage part=decode layer=37 pos=8193 tokens=1 ffn_norm=0.001 ms
ds4: metal layer stage part=decode layer=37 pos=8193 tokens=1 router=0.028 ms
ds4: metal layer stage part=decode layer=37 pos=8193 tokens=1 routed_moe=0.350 ms
ds4: metal layer stage part=decode layer=37 pos=8193 tokens=1 shared_gate_up=0.089 ms
ds4: metal layer stage part=decode layer=37 pos=8193 tokens=1 shared_down=0.051 ms
ds4: metal layer stage part=decode layer=37 pos=8193 tokens=1 ffn_hc_post=0.001 ms
ds4: metal layer stage part=decode layer=38 pos=8193 tokens=1 attn_hc_pre=0.028 ms
ds4: metal layer stage part=decode layer=38 pos=8193 tokens=1 attn_norm=0.001 ms
ds4: metal layer stage part=decode layer=38 pos=8193 tokens=1 q_path=0.209 ms
ds4: metal layer stage part=decode layer=38 pos=8193 tokens=1 kv_path=0.014 ms
ds4: metal layer stage part=decode layer=38 pos=8193 tokens=1 compressor_indexer=0.273 ms
ds4: metal layer stage part=decode layer=38 pos=8193 tokens=1 attention=0.178 ms
ds4: metal layer stage part=decode layer=38 pos=8193 tokens=1 attn_output=0.315 ms
ds4: metal layer stage part=decode layer=38 pos=8193 tokens=1 attn_hc_post=0.001 ms
ds4: metal layer stage part=decode layer=38 pos=8193 tokens=1 ffn_hc_pre=0.024 ms
ds4: metal layer stage part=decode layer=38 pos=8193 tokens=1 ffn_norm=0.001 ms
ds4: metal layer stage part=decode layer=38 pos=8193 tokens=1 router=0.028 ms
ds4: metal layer stage part=decode layer=38 pos=8193 tokens=1 routed_moe=0.353 ms
ds4: metal layer stage part=decode layer=38 pos=8193 tokens=1 shared_gate_up=0.088 ms
ds4: metal layer stage part=decode layer=38 pos=8193 tokens=1 shared_down=0.056 ms
ds4: metal layer stage part=decode layer=38 pos=8193 tokens=1 ffn_hc_post=0.001 ms
ds4: metal layer stage part=decode layer=39 pos=8193 tokens=1 attn_hc_pre=0.028 ms
ds4: metal layer stage part=decode layer=39 pos=8193 tokens=1 attn_norm=0.001 ms
ds4: metal layer stage part=decode layer=39 pos=8193 tokens=1 q_path=0.211 ms
ds4: metal layer stage part=decode layer=39 pos=8193 tokens=1 kv_path=0.014 ms
ds4: metal layer stage part=decode layer=39 pos=8193 tokens=1 compressor_indexer=0.051 ms
ds4: metal layer stage part=decode layer=39 pos=8193 tokens=1 attention=0.107 ms
ds4: metal layer stage part=decode layer=39 pos=8193 tokens=1 attn_output=0.319 ms
ds4: metal layer stage part=decode layer=39 pos=8193 tokens=1 attn_hc_post=0.001 ms
ds4: metal layer stage part=decode layer=39 pos=8193 tokens=1 ffn_hc_pre=0.023 ms
ds4: metal layer stage part=decode layer=39 pos=8193 tokens=1 ffn_norm=0.001 ms
ds4: metal layer stage part=decode layer=39 pos=8193 tokens=1 router=0.032 ms
ds4: metal layer stage part=decode layer=39 pos=8193 tokens=1 routed_moe=0.352 ms
ds4: metal layer stage part=decode layer=39 pos=8193 tokens=1 shared_gate_up=0.088 ms
ds4: metal layer stage part=decode layer=39 pos=8193 tokens=1 shared_down=0.049 ms
ds4: metal layer stage part=decode layer=39 pos=8193 tokens=1 ffn_hc_post=0.001 ms
ds4: metal layer stage part=decode layer=40 pos=8193 tokens=1 attn_hc_pre=0.027 ms
ds4: metal layer stage part=decode layer=40 pos=8193 tokens=1 attn_norm=0.001 ms
ds4: metal layer stage part=decode layer=40 pos=8193 tokens=1 q_path=0.213 ms
ds4: metal layer stage part=decode layer=40 pos=8193 tokens=1 kv_path=0.014 ms
ds4: metal layer stage part=decode layer=40 pos=8193 tokens=1 compressor_indexer=0.273 ms
ds4: metal layer stage part=decode layer=40 pos=8193 tokens=1 attention=0.179 ms
ds4: metal layer stage part=decode layer=40 pos=8193 tokens=1 attn_output=0.316 ms
ds4: metal layer stage part=decode layer=40 pos=8193 tokens=1 attn_hc_post=0.002 ms
ds4: metal layer stage part=decode layer=40 pos=8193 tokens=1 ffn_hc_pre=0.024 ms
ds4: metal layer stage part=decode layer=40 pos=8193 tokens=1 ffn_norm=0.001 ms
ds4: metal layer stage part=decode layer=40 pos=8193 tokens=1 router=0.031 ms
ds4: metal layer stage part=decode layer=40 pos=8193 tokens=1 routed_moe=0.354 ms
ds4: metal layer stage part=decode layer=40 pos=8193 tokens=1 shared_gate_up=0.087 ms
ds4: metal layer stage part=decode layer=40 pos=8193 tokens=1 shared_down=0.051 ms
ds4: metal layer stage part=decode layer=40 pos=8193 tokens=1 ffn_hc_post=0.001 ms
ds4: metal layer stage part=decode layer=41 pos=8193 tokens=1 attn_hc_pre=0.025 ms
ds4: metal layer stage part=decode layer=41 pos=8193 tokens=1 attn_norm=0.001 ms
ds4: metal layer stage part=decode layer=41 pos=8193 tokens=1 q_path=0.208 ms
ds4: metal layer stage part=decode layer=41 pos=8193 tokens=1 kv_path=0.015 ms
ds4: metal layer stage part=decode layer=41 pos=8193 tokens=1 compressor_indexer=0.048 ms
ds4: metal layer stage part=decode layer=41 pos=8193 tokens=1 attention=0.109 ms
ds4: metal layer stage part=decode layer=41 pos=8193 tokens=1 attn_output=0.322 ms
ds4: metal layer stage part=decode layer=41 pos=8193 tokens=1 attn_hc_post=0.001 ms
ds4: metal layer stage part=decode layer=41 pos=8193 tokens=1 ffn_hc_pre=0.027 ms
ds4: metal layer stage part=decode layer=41 pos=8193 tokens=1 ffn_norm=0.001 ms
ds4: metal layer stage part=decode layer=41 pos=8193 tokens=1 router=0.024 ms
ds4: metal layer stage part=decode layer=41 pos=8193 tokens=1 routed_moe=0.358 ms
ds4: metal layer stage part=decode layer=41 pos=8193 tokens=1 shared_gate_up=0.086 ms
ds4: metal layer stage part=decode layer=41 pos=8193 tokens=1 shared_down=0.050 ms
ds4: metal layer stage part=decode layer=41 pos=8193 tokens=1 ffn_hc_post=0.002 ms
ds4: metal layer stage part=decode layer=42 pos=8193 tokens=1 attn_hc_pre=0.026 ms
ds4: metal layer stage part=decode layer=42 pos=8193 tokens=1 attn_norm=0.001 ms
ds4: metal layer stage part=decode layer=42 pos=8193 tokens=1 q_path=0.206 ms
ds4: metal layer stage part=decode layer=42 pos=8193 tokens=1 kv_path=0.015 ms
ds4: metal layer stage part=decode layer=42 pos=8193 tokens=1 compressor_indexer=0.268 ms
ds4: metal layer stage part=decode layer=42 pos=8193 tokens=1 attention=0.174 ms
ds4: metal layer stage part=decode layer=42 pos=8193 tokens=1 attn_output=0.315 ms
ds4: metal layer stage part=decode layer=42 pos=8193 tokens=1 attn_hc_post=0.002 ms
ds4: metal layer stage part=decode layer=42 pos=8193 tokens=1 ffn_hc_pre=0.024 ms
ds4: metal layer stage part=decode layer=42 pos=8193 tokens=1 ffn_norm=0.001 ms
ds4: metal layer stage part=decode layer=42 pos=8193 tokens=1 router=0.024 ms
ds4: metal layer stage part=decode layer=42 pos=8193 tokens=1 routed_moe=0.350 ms
ds4: metal layer stage part=decode layer=42 pos=8193 tokens=1 shared_gate_up=0.085 ms
ds4: metal layer stage part=decode layer=42 pos=8193 tokens=1 shared_down=0.052 ms
ds4: metal layer stage part=decode layer=42 pos=8193 tokens=1 ffn_hc_post=0.001 ms
ds4: metal layer stage part=decode layer=0 pos=8194 tokens=1 attn_hc_pre=0.032 ms
ds4: metal layer stage part=decode layer=0 pos=8194 tokens=1 attn_norm=0.003 ms
ds4: metal layer stage part=decode layer=0 pos=8194 tokens=1 q_path=0.219 ms
ds4: metal layer stage part=decode layer=0 pos=8194 tokens=1 kv_path=0.014 ms
ds4: metal layer stage part=decode layer=0 pos=8194 tokens=1 compressor_indexer=0.001 ms
ds4: metal layer stage part=decode layer=0 pos=8194 tokens=1 attention=0.073 ms
ds4: metal layer stage part=decode layer=0 pos=8194 tokens=1 attn_output=0.314 ms
ds4: metal layer stage part=decode layer=0 pos=8194 tokens=1 attn_hc_post=0.002 ms
ds4: metal layer stage part=decode layer=0 pos=8194 tokens=1 ffn_hc_pre=0.025 ms
ds4: metal layer stage part=decode layer=0 pos=8194 tokens=1 ffn_norm=0.001 ms
ds4: metal layer stage part=decode layer=0 pos=8194 tokens=1 router=0.026 ms
ds4: metal layer stage part=decode layer=0 pos=8194 tokens=1 routed_moe=0.365 ms
ds4: metal layer stage part=decode layer=0 pos=8194 tokens=1 shared_gate_up=0.089 ms
ds4: metal layer stage part=decode layer=0 pos=8194 tokens=1 shared_down=0.055 ms
ds4: metal layer stage part=decode layer=0 pos=8194 tokens=1 ffn_hc_post=0.001 ms
ds4: metal layer stage part=decode layer=1 pos=8194 tokens=1 attn_hc_pre=0.025 ms
ds4: metal layer stage part=decode layer=1 pos=8194 tokens=1 attn_norm=0.001 ms
ds4: metal layer stage part=decode layer=1 pos=8194 tokens=1 q_path=0.215 ms
ds4: metal layer stage part=decode layer=1 pos=8194 tokens=1 kv_path=0.014 ms
ds4: metal layer stage part=decode layer=1 pos=8194 tokens=1 compressor_indexer=0.001 ms
ds4: metal layer stage part=decode layer=1 pos=8194 tokens=1 attention=0.072 ms
ds4: metal layer stage part=decode layer=1 pos=8194 tokens=1 attn_output=0.318 ms
ds4: metal layer stage part=decode layer=1 pos=8194 tokens=1 attn_hc_post=0.002 ms
ds4: metal layer stage part=decode layer=1 pos=8194 tokens=1 ffn_hc_pre=0.027 ms
ds4: metal layer stage part=decode layer=1 pos=8194 tokens=1 ffn_norm=0.001 ms
ds4: metal layer stage part=decode layer=1 pos=8194 tokens=1 router=0.028 ms
ds4: metal layer stage part=decode layer=1 pos=8194 tokens=1 routed_moe=0.355 ms
ds4: metal layer stage part=decode layer=1 pos=8194 tokens=1 shared_gate_up=0.093 ms
ds4: metal layer stage part=decode layer=1 pos=8194 tokens=1 shared_down=0.050 ms
ds4: metal layer stage part=decode layer=1 pos=8194 tokens=1 ffn_hc_post=0.001 ms
ds4: metal layer stage part=decode layer=2 pos=8194 tokens=1 attn_hc_pre=0.022 ms
ds4: metal layer stage part=decode layer=2 pos=8194 tokens=1 attn_norm=0.001 ms
ds4: metal layer stage part=decode layer=2 pos=8194 tokens=1 q_path=0.206 ms
ds4: metal layer stage part=decode layer=2 pos=8194 tokens=1 kv_path=0.014 ms
ds4: metal layer stage part=decode layer=2 pos=8194 tokens=1 compressor_indexer=0.273 ms
ds4: metal layer stage part=decode layer=2 pos=8194 tokens=1 attention=0.190 ms
ds4: metal layer stage part=decode layer=2 pos=8194 tokens=1 attn_output=0.315 ms
ds4: metal layer stage part=decode layer=2 pos=8194 tokens=1 attn_hc_post=0.001 ms
ds4: metal layer stage part=decode layer=2 pos=8194 tokens=1 ffn_hc_pre=0.027 ms
ds4: metal layer stage part=decode layer=2 pos=8194 tokens=1 ffn_norm=0.001 ms
ds4: metal layer stage part=decode layer=2 pos=8194 tokens=1 router=0.023 ms
ds4: metal layer stage part=decode layer=2 pos=8194 tokens=1 routed_moe=0.353 ms
ds4: metal layer stage part=decode layer=2 pos=8194 tokens=1 shared_gate_up=0.088 ms
ds4: metal layer stage part=decode layer=2 pos=8194 tokens=1 shared_down=0.057 ms
ds4: metal layer stage part=decode layer=2 pos=8194 tokens=1 ffn_hc_post=0.001 ms
ds4: metal layer stage part=decode layer=3 pos=8194 tokens=1 attn_hc_pre=0.023 ms
ds4: metal layer stage part=decode layer=3 pos=8194 tokens=1 attn_norm=0.001 ms
ds4: metal layer stage part=decode layer=3 pos=8194 tokens=1 q_path=0.227 ms
ds4: metal layer stage part=decode layer=3 pos=8194 tokens=1 kv_path=0.014 ms
ds4: metal layer stage part=decode layer=3 pos=8194 tokens=1 compressor_indexer=0.050 ms
ds4: metal layer stage part=decode layer=3 pos=8194 tokens=1 attention=0.109 ms
ds4: metal layer stage part=decode layer=3 pos=8194 tokens=1 attn_output=0.319 ms
ds4: metal layer stage part=decode layer=3 pos=8194 tokens=1 attn_hc_post=0.002 ms
ds4: metal layer stage part=decode layer=3 pos=8194 tokens=1 ffn_hc_pre=0.024 ms
ds4: metal layer stage part=decode layer=3 pos=8194 tokens=1 ffn_norm=0.001 ms
ds4: metal layer stage part=decode layer=3 pos=8194 tokens=1 router=0.025 ms
ds4: metal layer stage part=decode layer=3 pos=8194 tokens=1 routed_moe=0.350 ms
ds4: metal layer stage part=decode layer=3 pos=8194 tokens=1 shared_gate_up=0.093 ms
ds4: metal layer stage part=decode layer=3 pos=8194 tokens=1 shared_down=0.052 ms
ds4: metal layer stage part=decode layer=3 pos=8194 tokens=1 ffn_hc_post=0.001 ms
ds4: metal layer stage part=decode layer=4 pos=8194 tokens=1 attn_hc_pre=0.026 ms
ds4: metal layer stage part=decode layer=4 pos=8194 tokens=1 attn_norm=0.001 ms
ds4: metal layer stage part=decode layer=4 pos=8194 tokens=1 q_path=0.205 ms
ds4: metal layer stage part=decode layer=4 pos=8194 tokens=1 kv_path=0.014 ms
ds4: metal layer stage part=decode layer=4 pos=8194 tokens=1 compressor_indexer=0.260 ms
ds4: metal layer stage part=decode layer=4 pos=8194 tokens=1 attention=0.186 ms
ds4: metal layer stage part=decode layer=4 pos=8194 tokens=1 attn_output=0.317 ms
ds4: metal layer stage part=decode layer=4 pos=8194 tokens=1 attn_hc_post=0.001 ms
ds4: metal layer stage part=decode layer=4 pos=8194 tokens=1 ffn_hc_pre=0.023 ms
ds4: metal layer stage part=decode layer=4 pos=8194 tokens=1 ffn_norm=0.001 ms
ds4: metal layer stage part=decode layer=4 pos=8194 tokens=1 router=0.026 ms
ds4: metal layer stage part=decode layer=4 pos=8194 tokens=1 routed_moe=0.359 ms
ds4: metal layer stage part=decode layer=4 pos=8194 tokens=1 shared_gate_up=0.086 ms
ds4: metal layer stage part=decode layer=4 pos=8194 tokens=1 shared_down=0.048 ms
ds4: metal layer stage part=decode layer=4 pos=8194 tokens=1 ffn_hc_post=0.001 ms
ds4: metal layer stage part=decode layer=5 pos=8194 tokens=1 attn_hc_pre=0.029 ms
ds4: metal layer stage part=decode layer=5 pos=8194 tokens=1 attn_norm=0.001 ms
ds4: metal layer stage part=decode layer=5 pos=8194 tokens=1 q_path=0.216 ms
ds4: metal layer stage part=decode layer=5 pos=8194 tokens=1 kv_path=0.014 ms
ds4: metal layer stage part=decode layer=5 pos=8194 tokens=1 compressor_indexer=0.052 ms
ds4: metal layer stage part=decode layer=5 pos=8194 tokens=1 attention=0.107 ms
ds4: metal layer stage part=decode layer=5 pos=8194 tokens=1 attn_output=0.320 ms
ds4: metal layer stage part=decode layer=5 pos=8194 tokens=1 attn_hc_post=0.002 ms
ds4: metal layer stage part=decode layer=5 pos=8194 tokens=1 ffn_hc_pre=0.026 ms
ds4: metal layer stage part=decode layer=5 pos=8194 tokens=1 ffn_norm=0.001 ms
ds4: metal layer stage part=decode layer=5 pos=8194 tokens=1 router=0.029 ms
ds4: metal layer stage part=decode layer=5 pos=8194 tokens=1 routed_moe=0.358 ms
ds4: metal layer stage part=decode layer=5 pos=8194 tokens=1 shared_gate_up=0.099 ms
ds4: metal layer stage part=decode layer=5 pos=8194 tokens=1 shared_down=0.054 ms
ds4: metal layer stage part=decode layer=5 pos=8194 tokens=1 ffn_hc_post=0.001 ms
ds4: metal layer stage part=decode layer=6 pos=8194 tokens=1 attn_hc_pre=0.027 ms
ds4: metal layer stage part=decode layer=6 pos=8194 tokens=1 attn_norm=0.001 ms
ds4: metal layer stage part=decode layer=6 pos=8194 tokens=1 q_path=0.215 ms
ds4: metal layer stage part=decode layer=6 pos=8194 tokens=1 kv_path=0.014 ms
ds4: metal layer stage part=decode layer=6 pos=8194 tokens=1 compressor_indexer=0.277 ms
ds4: metal layer stage part=decode layer=6 pos=8194 tokens=1 attention=0.183 ms
ds4: metal layer stage part=decode layer=6 pos=8194 tokens=1 attn_output=0.314 ms
ds4: metal layer stage part=decode layer=6 pos=8194 tokens=1 attn_hc_post=0.001 ms
ds4: metal layer stage part=decode layer=6 pos=8194 tokens=1 ffn_hc_pre=0.024 ms
ds4: metal layer stage part=decode layer=6 pos=8194 tokens=1 ffn_norm=0.001 ms
ds4: metal layer stage part=decode layer=6 pos=8194 tokens=1 router=0.029 ms
ds4: metal layer stage part=decode layer=6 pos=8194 tokens=1 routed_moe=0.350 ms
ds4: metal layer stage part=decode layer=6 pos=8194 tokens=1 shared_gate_up=0.092 ms
ds4: metal layer stage part=decode layer=6 pos=8194 tokens=1 shared_down=0.050 ms
ds4: metal layer stage part=decode layer=6 pos=8194 tokens=1 ffn_hc_post=0.001 ms
ds4: metal layer stage part=decode layer=7 pos=8194 tokens=1 attn_hc_pre=0.029 ms
ds4: metal layer stage part=decode layer=7 pos=8194 tokens=1 attn_norm=0.001 ms
ds4: metal layer stage part=decode layer=7 pos=8194 tokens=1 q_path=0.220 ms
ds4: metal layer stage part=decode layer=7 pos=8194 tokens=1 kv_path=0.014 ms
ds4: metal layer stage part=decode layer=7 pos=8194 tokens=1 compressor_indexer=0.047 ms
ds4: metal layer stage part=decode layer=7 pos=8194 tokens=1 attention=0.107 ms
ds4: metal layer stage part=decode layer=7 pos=8194 tokens=1 attn_output=0.318 ms
ds4: metal layer stage part=decode layer=7 pos=8194 tokens=1 attn_hc_post=0.001 ms
ds4: metal layer stage part=decode layer=7 pos=8194 tokens=1 ffn_hc_pre=0.026 ms
ds4: metal layer stage part=decode layer=7 pos=8194 tokens=1 ffn_norm=0.001 ms
ds4: metal layer stage part=decode layer=7 pos=8194 tokens=1 router=0.030 ms
ds4: metal layer stage part=decode layer=7 pos=8194 tokens=1 routed_moe=0.352 ms
ds4: metal layer stage part=decode layer=7 pos=8194 tokens=1 shared_gate_up=0.089 ms
ds4: metal layer stage part=decode layer=7 pos=8194 tokens=1 shared_down=0.052 ms
ds4: metal layer stage part=decode layer=7 pos=8194 tokens=1 ffn_hc_post=0.001 ms
ds4: metal layer stage part=decode layer=8 pos=8194 tokens=1 attn_hc_pre=0.028 ms
ds4: metal layer stage part=decode layer=8 pos=8194 tokens=1 attn_norm=0.001 ms
ds4: metal layer stage part=decode layer=8 pos=8194 tokens=1 q_path=0.205 ms
ds4: metal layer stage part=decode layer=8 pos=8194 tokens=1 kv_path=0.014 ms
ds4: metal layer stage part=decode layer=8 pos=8194 tokens=1 compressor_indexer=0.275 ms
ds4: metal layer stage part=decode layer=8 pos=8194 tokens=1 attention=0.186 ms
ds4: metal layer stage part=decode layer=8 pos=8194 tokens=1 attn_output=0.315 ms
ds4: metal layer stage part=decode layer=8 pos=8194 tokens=1 attn_hc_post=0.001 ms
ds4: metal layer stage part=decode layer=8 pos=8194 tokens=1 ffn_hc_pre=0.024 ms
ds4: metal layer stage part=decode layer=8 pos=8194 tokens=1 ffn_norm=0.001 ms
ds4: metal layer stage part=decode layer=8 pos=8194 tokens=1 router=0.025 ms
ds4: metal layer stage part=decode layer=8 pos=8194 tokens=1 routed_moe=0.352 ms
ds4: metal layer stage part=decode layer=8 pos=8194 tokens=1 shared_gate_up=0.087 ms
ds4: metal layer stage part=decode layer=8 pos=8194 tokens=1 shared_down=0.054 ms
ds4: metal layer stage part=decode layer=8 pos=8194 tokens=1 ffn_hc_post=0.002 ms
ds4: metal layer stage part=decode layer=9 pos=8194 tokens=1 attn_hc_pre=0.027 ms
ds4: metal layer stage part=decode layer=9 pos=8194 tokens=1 attn_norm=0.001 ms
ds4: metal layer stage part=decode layer=9 pos=8194 tokens=1 q_path=0.207 ms
ds4: metal layer stage part=decode layer=9 pos=8194 tokens=1 kv_path=0.014 ms
ds4: metal layer stage part=decode layer=9 pos=8194 tokens=1 compressor_indexer=0.047 ms
ds4: metal layer stage part=decode layer=9 pos=8194 tokens=1 attention=0.106 ms
ds4: metal layer stage part=decode layer=9 pos=8194 tokens=1 attn_output=0.311 ms
ds4: metal layer stage part=decode layer=9 pos=8194 tokens=1 attn_hc_post=0.001 ms
ds4: metal layer stage part=decode layer=9 pos=8194 tokens=1 ffn_hc_pre=0.025 ms
ds4: metal layer stage part=decode layer=9 pos=8194 tokens=1 ffn_norm=0.001 ms
ds4: metal layer stage part=decode layer=9 pos=8194 tokens=1 router=0.024 ms
ds4: metal layer stage part=decode layer=9 pos=8194 tokens=1 routed_moe=0.356 ms
ds4: metal layer stage part=decode layer=9 pos=8194 tokens=1 shared_gate_up=0.094 ms
ds4: metal layer stage part=decode layer=9 pos=8194 tokens=1 shared_down=0.048 ms
ds4: metal layer stage part=decode layer=9 pos=8194 tokens=1 ffn_hc_post=0.001 ms
ds4: metal layer stage part=decode layer=10 pos=8194 tokens=1 attn_hc_pre=0.026 ms
ds4: metal layer stage part=decode layer=10 pos=8194 tokens=1 attn_norm=0.001 ms
ds4: metal layer stage part=decode layer=10 pos=8194 tokens=1 q_path=0.200 ms
ds4: metal layer stage part=decode layer=10 pos=8194 tokens=1 kv_path=0.014 ms
ds4: metal layer stage part=decode layer=10 pos=8194 tokens=1 compressor_indexer=0.271 ms
ds4: metal layer stage part=decode layer=10 pos=8194 tokens=1 attention=0.187 ms
ds4: metal layer stage part=decode layer=10 pos=8194 tokens=1 attn_output=0.310 ms
ds4: metal layer stage part=decode layer=10 pos=8194 tokens=1 attn_hc_post=0.002 ms
ds4: metal layer stage part=decode layer=10 pos=8194 tokens=1 ffn_hc_pre=0.022 ms
ds4: metal layer stage part=decode layer=10 pos=8194 tokens=1 ffn_norm=0.001 ms
ds4: metal layer stage part=decode layer=10 pos=8194 tokens=1 router=0.024 ms
ds4: metal layer stage part=decode layer=10 pos=8194 tokens=1 routed_moe=0.354 ms
ds4: metal layer stage part=decode layer=10 pos=8194 tokens=1 shared_gate_up=0.090 ms
ds4: metal layer stage part=decode layer=10 pos=8194 tokens=1 shared_down=0.048 ms
ds4: metal layer stage part=decode layer=10 pos=8194 tokens=1 ffn_hc_post=0.001 ms
ds4: metal layer stage part=decode layer=11 pos=8194 tokens=1 attn_hc_pre=0.028 ms
ds4: metal layer stage part=decode layer=11 pos=8194 tokens=1 attn_norm=0.001 ms
ds4: metal layer stage part=decode layer=11 pos=8194 tokens=1 q_path=0.206 ms
ds4: metal layer stage part=decode layer=11 pos=8194 tokens=1 kv_path=0.014 ms
ds4: metal layer stage part=decode layer=11 pos=8194 tokens=1 compressor_indexer=0.051 ms
ds4: metal layer stage part=decode layer=11 pos=8194 tokens=1 attention=0.107 ms
ds4: metal layer stage part=decode layer=11 pos=8194 tokens=1 attn_output=0.308 ms
ds4: metal layer stage part=decode layer=11 pos=8194 tokens=1 attn_hc_post=0.001 ms
ds4: metal layer stage part=decode layer=11 pos=8194 tokens=1 ffn_hc_pre=0.027 ms
ds4: metal layer stage part=decode layer=11 pos=8194 tokens=1 ffn_norm=0.001 ms
ds4: metal layer stage part=decode layer=11 pos=8194 tokens=1 router=0.028 ms
ds4: metal layer stage part=decode layer=11 pos=8194 tokens=1 routed_moe=0.356 ms
ds4: metal layer stage part=decode layer=11 pos=8194 tokens=1 shared_gate_up=0.088 ms
ds4: metal layer stage part=decode layer=11 pos=8194 tokens=1 shared_down=0.052 ms
ds4: metal layer stage part=decode layer=11 pos=8194 tokens=1 ffn_hc_post=0.001 ms
ds4: metal layer stage part=decode layer=12 pos=8194 tokens=1 attn_hc_pre=0.028 ms
ds4: metal layer stage part=decode layer=12 pos=8194 tokens=1 attn_norm=0.001 ms
ds4: metal layer stage part=decode layer=12 pos=8194 tokens=1 q_path=0.213 ms
ds4: metal layer stage part=decode layer=12 pos=8194 tokens=1 kv_path=0.014 ms
ds4: metal layer stage part=decode layer=12 pos=8194 tokens=1 compressor_indexer=0.269 ms
ds4: metal layer stage part=decode layer=12 pos=8194 tokens=1 attention=0.181 ms
ds4: metal layer stage part=decode layer=12 pos=8194 tokens=1 attn_output=0.321 ms
ds4: metal layer stage part=decode layer=12 pos=8194 tokens=1 attn_hc_post=0.002 ms
ds4: metal layer stage part=decode layer=12 pos=8194 tokens=1 ffn_hc_pre=0.025 ms
ds4: metal layer stage part=decode layer=12 pos=8194 tokens=1 ffn_norm=0.001 ms
ds4: metal layer stage part=decode layer=12 pos=8194 tokens=1 router=0.027 ms
ds4: metal layer stage part=decode layer=12 pos=8194 tokens=1 routed_moe=0.353 ms
ds4: metal layer stage part=decode layer=12 pos=8194 tokens=1 shared_gate_up=0.087 ms
ds4: metal layer stage part=decode layer=12 pos=8194 tokens=1 shared_down=0.051 ms
ds4: metal layer stage part=decode layer=12 pos=8194 tokens=1 ffn_hc_post=0.001 ms
ds4: metal layer stage part=decode layer=13 pos=8194 tokens=1 attn_hc_pre=0.029 ms
ds4: metal layer stage part=decode layer=13 pos=8194 tokens=1 attn_norm=0.001 ms
ds4: metal layer stage part=decode layer=13 pos=8194 tokens=1 q_path=0.210 ms
ds4: metal layer stage part=decode layer=13 pos=8194 tokens=1 kv_path=0.014 ms
ds4: metal layer stage part=decode layer=13 pos=8194 tokens=1 compressor_indexer=0.050 ms
ds4: metal layer stage part=decode layer=13 pos=8194 tokens=1 attention=0.107 ms
ds4: metal layer stage part=decode layer=13 pos=8194 tokens=1 attn_output=0.317 ms
ds4: metal layer stage part=decode layer=13 pos=8194 tokens=1 attn_hc_post=0.002 ms
ds4: metal layer stage part=decode layer=13 pos=8194 tokens=1 ffn_hc_pre=0.025 ms
ds4: metal layer stage part=decode layer=13 pos=8194 tokens=1 ffn_norm=0.001 ms
ds4: metal layer stage part=decode layer=13 pos=8194 tokens=1 router=0.027 ms
ds4: metal layer stage part=decode layer=13 pos=8194 tokens=1 routed_moe=0.360 ms
ds4: metal layer stage part=decode layer=13 pos=8194 tokens=1 shared_gate_up=0.088 ms
ds4: metal layer stage part=decode layer=13 pos=8194 tokens=1 shared_down=0.050 ms
ds4: metal layer stage part=decode layer=13 pos=8194 tokens=1 ffn_hc_post=0.001 ms
ds4: metal layer stage part=decode layer=14 pos=8194 tokens=1 attn_hc_pre=0.022 ms
ds4: metal layer stage part=decode layer=14 pos=8194 tokens=1 attn_norm=0.001 ms
ds4: metal layer stage part=decode layer=14 pos=8194 tokens=1 q_path=0.203 ms
ds4: metal layer stage part=decode layer=14 pos=8194 tokens=1 kv_path=0.014 ms
ds4: metal layer stage part=decode layer=14 pos=8194 tokens=1 compressor_indexer=0.273 ms
ds4: metal layer stage part=decode layer=14 pos=8194 tokens=1 attention=0.190 ms
ds4: metal layer stage part=decode layer=14 pos=8194 tokens=1 attn_output=0.311 ms
ds4: metal layer stage part=decode layer=14 pos=8194 tokens=1 attn_hc_post=0.001 ms
ds4: metal layer stage part=decode layer=14 pos=8194 tokens=1 ffn_hc_pre=0.024 ms
ds4: metal layer stage part=decode layer=14 pos=8194 tokens=1 ffn_norm=0.002 ms
ds4: metal layer stage part=decode layer=14 pos=8194 tokens=1 router=0.028 ms
ds4: metal layer stage part=decode layer=14 pos=8194 tokens=1 routed_moe=0.407 ms
ds4: metal layer stage part=decode layer=14 pos=8194 tokens=1 shared_gate_up=0.095 ms
ds4: metal layer stage part=decode layer=14 pos=8194 tokens=1 shared_down=0.047 ms
ds4: metal layer stage part=decode layer=14 pos=8194 tokens=1 ffn_hc_post=0.001 ms
ds4: metal layer stage part=decode layer=15 pos=8194 tokens=1 attn_hc_pre=0.025 ms
ds4: metal layer stage part=decode layer=15 pos=8194 tokens=1 attn_norm=0.001 ms
ds4: metal layer stage part=decode layer=15 pos=8194 tokens=1 q_path=0.205 ms
ds4: metal layer stage part=decode layer=15 pos=8194 tokens=1 kv_path=0.014 ms
ds4: metal layer stage part=decode layer=15 pos=8194 tokens=1 compressor_indexer=0.049 ms
ds4: metal layer stage part=decode layer=15 pos=8194 tokens=1 attention=0.107 ms
ds4: metal layer stage part=decode layer=15 pos=8194 tokens=1 attn_output=0.320 ms
ds4: metal layer stage part=decode layer=15 pos=8194 tokens=1 attn_hc_post=0.002 ms
ds4: metal layer stage part=decode layer=15 pos=8194 tokens=1 ffn_hc_pre=0.023 ms
ds4: metal layer stage part=decode layer=15 pos=8194 tokens=1 ffn_norm=0.001 ms
ds4: metal layer stage part=decode layer=15 pos=8194 tokens=1 router=0.028 ms
ds4: metal layer stage part=decode layer=15 pos=8194 tokens=1 routed_moe=0.354 ms
ds4: metal layer stage part=decode layer=15 pos=8194 tokens=1 shared_gate_up=0.091 ms
ds4: metal layer stage part=decode layer=15 pos=8194 tokens=1 shared_down=0.051 ms
ds4: metal layer stage part=decode layer=15 pos=8194 tokens=1 ffn_hc_post=0.001 ms
ds4: metal layer stage part=decode layer=16 pos=8194 tokens=1 attn_hc_pre=0.024 ms
ds4: metal layer stage part=decode layer=16 pos=8194 tokens=1 attn_norm=0.001 ms
ds4: metal layer stage part=decode layer=16 pos=8194 tokens=1 q_path=0.212 ms
ds4: metal layer stage part=decode layer=16 pos=8194 tokens=1 kv_path=0.015 ms
ds4: metal layer stage part=decode layer=16 pos=8194 tokens=1 compressor_indexer=0.264 ms
ds4: metal layer stage part=decode layer=16 pos=8194 tokens=1 attention=0.181 ms
ds4: metal layer stage part=decode layer=16 pos=8194 tokens=1 attn_output=0.310 ms
ds4: metal layer stage part=decode layer=16 pos=8194 tokens=1 attn_hc_post=0.001 ms
ds4: metal layer stage part=decode layer=16 pos=8194 tokens=1 ffn_hc_pre=0.024 ms
ds4: metal layer stage part=decode layer=16 pos=8194 tokens=1 ffn_norm=0.001 ms
ds4: metal layer stage part=decode layer=16 pos=8194 tokens=1 router=0.024 ms
ds4: metal layer stage part=decode layer=16 pos=8194 tokens=1 routed_moe=0.352 ms
ds4: metal layer stage part=decode layer=16 pos=8194 tokens=1 shared_gate_up=0.096 ms
ds4: metal layer stage part=decode layer=16 pos=8194 tokens=1 shared_down=0.050 ms
ds4: metal layer stage part=decode layer=16 pos=8194 tokens=1 ffn_hc_post=0.001 ms
ds4: metal layer stage part=decode layer=17 pos=8194 tokens=1 attn_hc_pre=0.028 ms
ds4: metal layer stage part=decode layer=17 pos=8194 tokens=1 attn_norm=0.001 ms
ds4: metal layer stage part=decode layer=17 pos=8194 tokens=1 q_path=0.213 ms
ds4: metal layer stage part=decode layer=17 pos=8194 tokens=1 kv_path=0.014 ms
ds4: metal layer stage part=decode layer=17 pos=8194 tokens=1 compressor_indexer=0.047 ms
ds4: metal layer stage part=decode layer=17 pos=8194 tokens=1 attention=0.107 ms
ds4: metal layer stage part=decode layer=17 pos=8194 tokens=1 attn_output=0.325 ms
ds4: metal layer stage part=decode layer=17 pos=8194 tokens=1 attn_hc_post=0.002 ms
ds4: metal layer stage part=decode layer=17 pos=8194 tokens=1 ffn_hc_pre=0.025 ms
ds4: metal layer stage part=decode layer=17 pos=8194 tokens=1 ffn_norm=0.001 ms
ds4: metal layer stage part=decode layer=17 pos=8194 tokens=1 router=0.027 ms
ds4: metal layer stage part=decode layer=17 pos=8194 tokens=1 routed_moe=0.361 ms
ds4: metal layer stage part=decode layer=17 pos=8194 tokens=1 shared_gate_up=0.088 ms
ds4: metal layer stage part=decode layer=17 pos=8194 tokens=1 shared_down=0.054 ms
ds4: metal layer stage part=decode layer=17 pos=8194 tokens=1 ffn_hc_post=0.001 ms
ds4: metal layer stage part=decode layer=18 pos=8194 tokens=1 attn_hc_pre=0.027 ms
ds4: metal layer stage part=decode layer=18 pos=8194 tokens=1 attn_norm=0.001 ms
ds4: metal layer stage part=decode layer=18 pos=8194 tokens=1 q_path=0.212 ms
ds4: metal layer stage part=decode layer=18 pos=8194 tokens=1 kv_path=0.014 ms
ds4: metal layer stage part=decode layer=18 pos=8194 tokens=1 compressor_indexer=0.270 ms
ds4: metal layer stage part=decode layer=18 pos=8194 tokens=1 attention=0.184 ms
ds4: metal layer stage part=decode layer=18 pos=8194 tokens=1 attn_output=0.305 ms
ds4: metal layer stage part=decode layer=18 pos=8194 tokens=1 attn_hc_post=0.001 ms
ds4: metal layer stage part=decode layer=18 pos=8194 tokens=1 ffn_hc_pre=0.025 ms
ds4: metal layer stage part=decode layer=18 pos=8194 tokens=1 ffn_norm=0.001 ms
ds4: metal layer stage part=decode layer=18 pos=8194 tokens=1 router=0.028 ms
ds4: metal layer stage part=decode layer=18 pos=8194 tokens=1 routed_moe=0.360 ms
ds4: metal layer stage part=decode layer=18 pos=8194 tokens=1 shared_gate_up=0.093 ms
ds4: metal layer stage part=decode layer=18 pos=8194 tokens=1 shared_down=0.054 ms
ds4: metal layer stage part=decode layer=18 pos=8194 tokens=1 ffn_hc_post=0.001 ms
ds4: metal layer stage part=decode layer=19 pos=8194 tokens=1 attn_hc_pre=0.029 ms
ds4: metal layer stage part=decode layer=19 pos=8194 tokens=1 attn_norm=0.001 ms
ds4: metal layer stage part=decode layer=19 pos=8194 tokens=1 q_path=0.208 ms
ds4: metal layer stage part=decode layer=19 pos=8194 tokens=1 kv_path=0.014 ms
ds4: metal layer stage part=decode layer=19 pos=8194 tokens=1 compressor_indexer=0.048 ms
ds4: metal layer stage part=decode layer=19 pos=8194 tokens=1 attention=0.107 ms
ds4: metal layer stage part=decode layer=19 pos=8194 tokens=1 attn_output=0.326 ms
ds4: metal layer stage part=decode layer=19 pos=8194 tokens=1 attn_hc_post=0.002 ms
ds4: metal layer stage part=decode layer=19 pos=8194 tokens=1 ffn_hc_pre=0.025 ms
ds4: metal layer stage part=decode layer=19 pos=8194 tokens=1 ffn_norm=0.001 ms
ds4: metal layer stage part=decode layer=19 pos=8194 tokens=1 router=0.028 ms
ds4: metal layer stage part=decode layer=19 pos=8194 tokens=1 routed_moe=0.359 ms
ds4: metal layer stage part=decode layer=19 pos=8194 tokens=1 shared_gate_up=0.092 ms
ds4: metal layer stage part=decode layer=19 pos=8194 tokens=1 shared_down=0.053 ms
ds4: metal layer stage part=decode layer=19 pos=8194 tokens=1 ffn_hc_post=0.001 ms
ds4: metal layer stage part=decode layer=20 pos=8194 tokens=1 attn_hc_pre=0.029 ms
ds4: metal layer stage part=decode layer=20 pos=8194 tokens=1 attn_norm=0.001 ms
ds4: metal layer stage part=decode layer=20 pos=8194 tokens=1 q_path=0.217 ms
ds4: metal layer stage part=decode layer=20 pos=8194 tokens=1 kv_path=0.014 ms
ds4: metal layer stage part=decode layer=20 pos=8194 tokens=1 compressor_indexer=0.275 ms
ds4: metal layer stage part=decode layer=20 pos=8194 tokens=1 attention=0.185 ms
ds4: metal layer stage part=decode layer=20 pos=8194 tokens=1 attn_output=0.320 ms
ds4: metal layer stage part=decode layer=20 pos=8194 tokens=1 attn_hc_post=0.001 ms
ds4: metal layer stage part=decode layer=20 pos=8194 tokens=1 ffn_hc_pre=0.026 ms
ds4: metal layer stage part=decode layer=20 pos=8194 tokens=1 ffn_norm=0.001 ms
ds4: metal layer stage part=decode layer=20 pos=8194 tokens=1 router=0.028 ms
ds4: metal layer stage part=decode layer=20 pos=8194 tokens=1 routed_moe=0.354 ms
ds4: metal layer stage part=decode layer=20 pos=8194 tokens=1 shared_gate_up=0.087 ms
ds4: metal layer stage part=decode layer=20 pos=8194 tokens=1 shared_down=0.049 ms
ds4: metal layer stage part=decode layer=20 pos=8194 tokens=1 ffn_hc_post=0.001 ms
ds4: metal layer stage part=decode layer=21 pos=8194 tokens=1 attn_hc_pre=0.022 ms
ds4: metal layer stage part=decode layer=21 pos=8194 tokens=1 attn_norm=0.001 ms
ds4: metal layer stage part=decode layer=21 pos=8194 tokens=1 q_path=0.198 ms
ds4: metal layer stage part=decode layer=21 pos=8194 tokens=1 kv_path=0.014 ms
ds4: metal layer stage part=decode layer=21 pos=8194 tokens=1 compressor_indexer=0.044 ms
ds4: metal layer stage part=decode layer=21 pos=8194 tokens=1 attention=0.106 ms
ds4: metal layer stage part=decode layer=21 pos=8194 tokens=1 attn_output=0.322 ms
ds4: metal layer stage part=decode layer=21 pos=8194 tokens=1 attn_hc_post=0.001 ms
ds4: metal layer stage part=decode layer=21 pos=8194 tokens=1 ffn_hc_pre=0.028 ms
ds4: metal layer stage part=decode layer=21 pos=8194 tokens=1 ffn_norm=0.001 ms
ds4: metal layer stage part=decode layer=21 pos=8194 tokens=1 router=0.024 ms
ds4: metal layer stage part=decode layer=21 pos=8194 tokens=1 routed_moe=0.358 ms
ds4: metal layer stage part=decode layer=21 pos=8194 tokens=1 shared_gate_up=0.087 ms
ds4: metal layer stage part=decode layer=21 pos=8194 tokens=1 shared_down=0.052 ms
ds4: metal layer stage part=decode layer=21 pos=8194 tokens=1 ffn_hc_post=0.001 ms
ds4: metal layer stage part=decode layer=22 pos=8194 tokens=1 attn_hc_pre=0.028 ms
ds4: metal layer stage part=decode layer=22 pos=8194 tokens=1 attn_norm=0.001 ms
ds4: metal layer stage part=decode layer=22 pos=8194 tokens=1 q_path=0.200 ms
ds4: metal layer stage part=decode layer=22 pos=8194 tokens=1 kv_path=0.013 ms
ds4: metal layer stage part=decode layer=22 pos=8194 tokens=1 compressor_indexer=0.275 ms
ds4: metal layer stage part=decode layer=22 pos=8194 tokens=1 attention=0.187 ms
ds4: metal layer stage part=decode layer=22 pos=8194 tokens=1 attn_output=0.314 ms
ds4: metal layer stage part=decode layer=22 pos=8194 tokens=1 attn_hc_post=0.001 ms
ds4: metal layer stage part=decode layer=22 pos=8194 tokens=1 ffn_hc_pre=0.027 ms
ds4: metal layer stage part=decode layer=22 pos=8194 tokens=1 ffn_norm=0.001 ms
ds4: metal layer stage part=decode layer=22 pos=8194 tokens=1 router=0.024 ms
ds4: metal layer stage part=decode layer=22 pos=8194 tokens=1 routed_moe=0.356 ms
ds4: metal layer stage part=decode layer=22 pos=8194 tokens=1 shared_gate_up=0.094 ms
ds4: metal layer stage part=decode layer=22 pos=8194 tokens=1 shared_down=0.049 ms
ds4: metal layer stage part=decode layer=22 pos=8194 tokens=1 ffn_hc_post=0.001 ms
ds4: metal layer stage part=decode layer=23 pos=8194 tokens=1 attn_hc_pre=0.024 ms
ds4: metal layer stage part=decode layer=23 pos=8194 tokens=1 attn_norm=0.001 ms
ds4: metal layer stage part=decode layer=23 pos=8194 tokens=1 q_path=0.206 ms
ds4: metal layer stage part=decode layer=23 pos=8194 tokens=1 kv_path=0.014 ms
ds4: metal layer stage part=decode layer=23 pos=8194 tokens=1 compressor_indexer=0.048 ms
ds4: metal layer stage part=decode layer=23 pos=8194 tokens=1 attention=0.107 ms
ds4: metal layer stage part=decode layer=23 pos=8194 tokens=1 attn_output=0.318 ms
ds4: metal layer stage part=decode layer=23 pos=8194 tokens=1 attn_hc_post=0.001 ms
ds4: metal layer stage part=decode layer=23 pos=8194 tokens=1 ffn_hc_pre=0.024 ms
ds4: metal layer stage part=decode layer=23 pos=8194 tokens=1 ffn_norm=0.001 ms
ds4: metal layer stage part=decode layer=23 pos=8194 tokens=1 router=0.026 ms
ds4: metal layer stage part=decode layer=23 pos=8194 tokens=1 routed_moe=0.353 ms
ds4: metal layer stage part=decode layer=23 pos=8194 tokens=1 shared_gate_up=0.089 ms
ds4: metal layer stage part=decode layer=23 pos=8194 tokens=1 shared_down=0.051 ms
ds4: metal layer stage part=decode layer=23 pos=8194 tokens=1 ffn_hc_post=0.001 ms
ds4: metal layer stage part=decode layer=24 pos=8194 tokens=1 attn_hc_pre=0.027 ms
ds4: metal layer stage part=decode layer=24 pos=8194 tokens=1 attn_norm=0.001 ms
ds4: metal layer stage part=decode layer=24 pos=8194 tokens=1 q_path=0.220 ms
ds4: metal layer stage part=decode layer=24 pos=8194 tokens=1 kv_path=0.014 ms
ds4: metal layer stage part=decode layer=24 pos=8194 tokens=1 compressor_indexer=0.275 ms
ds4: metal layer stage part=decode layer=24 pos=8194 tokens=1 attention=0.188 ms
ds4: metal layer stage part=decode layer=24 pos=8194 tokens=1 attn_output=0.329 ms
ds4: metal layer stage part=decode layer=24 pos=8194 tokens=1 attn_hc_post=0.002 ms
ds4: metal layer stage part=decode layer=24 pos=8194 tokens=1 ffn_hc_pre=0.025 ms
ds4: metal layer stage part=decode layer=24 pos=8194 tokens=1 ffn_norm=0.001 ms
ds4: metal layer stage part=decode layer=24 pos=8194 tokens=1 router=0.029 ms
ds4: metal layer stage part=decode layer=24 pos=8194 tokens=1 routed_moe=0.354 ms
ds4: metal layer stage part=decode layer=24 pos=8194 tokens=1 shared_gate_up=0.095 ms
ds4: metal layer stage part=decode layer=24 pos=8194 tokens=1 shared_down=0.057 ms
ds4: metal layer stage part=decode layer=24 pos=8194 tokens=1 ffn_hc_post=0.001 ms
ds4: metal layer stage part=decode layer=25 pos=8194 tokens=1 attn_hc_pre=0.028 ms
ds4: metal layer stage part=decode layer=25 pos=8194 tokens=1 attn_norm=0.001 ms
ds4: metal layer stage part=decode layer=25 pos=8194 tokens=1 q_path=0.211 ms
ds4: metal layer stage part=decode layer=25 pos=8194 tokens=1 kv_path=0.014 ms
ds4: metal layer stage part=decode layer=25 pos=8194 tokens=1 compressor_indexer=0.049 ms
ds4: metal layer stage part=decode layer=25 pos=8194 tokens=1 attention=0.107 ms
ds4: metal layer stage part=decode layer=25 pos=8194 tokens=1 attn_output=0.312 ms
ds4: metal layer stage part=decode layer=25 pos=8194 tokens=1 attn_hc_post=0.001 ms
ds4: metal layer stage part=decode layer=25 pos=8194 tokens=1 ffn_hc_pre=0.025 ms
ds4: metal layer stage part=decode layer=25 pos=8194 tokens=1 ffn_norm=0.001 ms
ds4: metal layer stage part=decode layer=25 pos=8194 tokens=1 router=0.028 ms
ds4: metal layer stage part=decode layer=25 pos=8194 tokens=1 routed_moe=0.355 ms
ds4: metal layer stage part=decode layer=25 pos=8194 tokens=1 shared_gate_up=0.089 ms
ds4: metal layer stage part=decode layer=25 pos=8194 tokens=1 shared_down=0.053 ms
ds4: metal layer stage part=decode layer=25 pos=8194 tokens=1 ffn_hc_post=0.001 ms
ds4: metal layer stage part=decode layer=26 pos=8194 tokens=1 attn_hc_pre=0.028 ms
ds4: metal layer stage part=decode layer=26 pos=8194 tokens=1 attn_norm=0.001 ms
ds4: metal layer stage part=decode layer=26 pos=8194 tokens=1 q_path=0.212 ms
ds4: metal layer stage part=decode layer=26 pos=8194 tokens=1 kv_path=0.014 ms
ds4: metal layer stage part=decode layer=26 pos=8194 tokens=1 compressor_indexer=0.273 ms
ds4: metal layer stage part=decode layer=26 pos=8194 tokens=1 attention=0.182 ms
ds4: metal layer stage part=decode layer=26 pos=8194 tokens=1 attn_output=0.314 ms
ds4: metal layer stage part=decode layer=26 pos=8194 tokens=1 attn_hc_post=0.002 ms
ds4: metal layer stage part=decode layer=26 pos=8194 tokens=1 ffn_hc_pre=0.024 ms
ds4: metal layer stage part=decode layer=26 pos=8194 tokens=1 ffn_norm=0.001 ms
ds4: metal layer stage part=decode layer=26 pos=8194 tokens=1 router=0.031 ms
ds4: metal layer stage part=decode layer=26 pos=8194 tokens=1 routed_moe=0.367 ms
ds4: metal layer stage part=decode layer=26 pos=8194 tokens=1 shared_gate_up=0.091 ms
ds4: metal layer stage part=decode layer=26 pos=8194 tokens=1 shared_down=0.054 ms
ds4: metal layer stage part=decode layer=26 pos=8194 tokens=1 ffn_hc_post=0.001 ms
ds4: metal layer stage part=decode layer=27 pos=8194 tokens=1 attn_hc_pre=0.022 ms
ds4: metal layer stage part=decode layer=27 pos=8194 tokens=1 attn_norm=0.001 ms
ds4: metal layer stage part=decode layer=27 pos=8194 tokens=1 q_path=0.200 ms
ds4: metal layer stage part=decode layer=27 pos=8194 tokens=1 kv_path=0.015 ms
ds4: metal layer stage part=decode layer=27 pos=8194 tokens=1 compressor_indexer=0.049 ms
ds4: metal layer stage part=decode layer=27 pos=8194 tokens=1 attention=0.108 ms
ds4: metal layer stage part=decode layer=27 pos=8194 tokens=1 attn_output=0.307 ms
ds4: metal layer stage part=decode layer=27 pos=8194 tokens=1 attn_hc_post=0.001 ms
ds4: metal layer stage part=decode layer=27 pos=8194 tokens=1 ffn_hc_pre=0.023 ms
ds4: metal layer stage part=decode layer=27 pos=8194 tokens=1 ffn_norm=0.001 ms
ds4: metal layer stage part=decode layer=27 pos=8194 tokens=1 router=0.025 ms
ds4: metal layer stage part=decode layer=27 pos=8194 tokens=1 routed_moe=0.364 ms
ds4: metal layer stage part=decode layer=27 pos=8194 tokens=1 shared_gate_up=0.087 ms
ds4: metal layer stage part=decode layer=27 pos=8194 tokens=1 shared_down=0.048 ms
ds4: metal layer stage part=decode layer=27 pos=8194 tokens=1 ffn_hc_post=0.002 ms
ds4: metal layer stage part=decode layer=28 pos=8194 tokens=1 attn_hc_pre=0.023 ms
ds4: metal layer stage part=decode layer=28 pos=8194 tokens=1 attn_norm=0.001 ms
ds4: metal layer stage part=decode layer=28 pos=8194 tokens=1 q_path=0.204 ms
ds4: metal layer stage part=decode layer=28 pos=8194 tokens=1 kv_path=0.014 ms
ds4: metal layer stage part=decode layer=28 pos=8194 tokens=1 compressor_indexer=0.262 ms
ds4: metal layer stage part=decode layer=28 pos=8194 tokens=1 attention=0.192 ms
ds4: metal layer stage part=decode layer=28 pos=8194 tokens=1 attn_output=0.325 ms
ds4: metal layer stage part=decode layer=28 pos=8194 tokens=1 attn_hc_post=0.002 ms
ds4: metal layer stage part=decode layer=28 pos=8194 tokens=1 ffn_hc_pre=0.023 ms
ds4: metal layer stage part=decode layer=28 pos=8194 tokens=1 ffn_norm=0.001 ms
ds4: metal layer stage part=decode layer=28 pos=8194 tokens=1 router=0.024 ms
ds4: metal layer stage part=decode layer=28 pos=8194 tokens=1 routed_moe=0.349 ms
ds4: metal layer stage part=decode layer=28 pos=8194 tokens=1 shared_gate_up=0.090 ms
ds4: metal layer stage part=decode layer=28 pos=8194 tokens=1 shared_down=0.049 ms
ds4: metal layer stage part=decode layer=28 pos=8194 tokens=1 ffn_hc_post=0.001 ms
ds4: metal layer stage part=decode layer=29 pos=8194 tokens=1 attn_hc_pre=0.025 ms
ds4: metal layer stage part=decode layer=29 pos=8194 tokens=1 attn_norm=0.001 ms
ds4: metal layer stage part=decode layer=29 pos=8194 tokens=1 q_path=0.204 ms
ds4: metal layer stage part=decode layer=29 pos=8194 tokens=1 kv_path=0.014 ms
ds4: metal layer stage part=decode layer=29 pos=8194 tokens=1 compressor_indexer=0.045 ms
ds4: metal layer stage part=decode layer=29 pos=8194 tokens=1 attention=0.107 ms
ds4: metal layer stage part=decode layer=29 pos=8194 tokens=1 attn_output=0.313 ms
ds4: metal layer stage part=decode layer=29 pos=8194 tokens=1 attn_hc_post=0.002 ms
ds4: metal layer stage part=decode layer=29 pos=8194 tokens=1 ffn_hc_pre=0.023 ms
ds4: metal layer stage part=decode layer=29 pos=8194 tokens=1 ffn_norm=0.001 ms
ds4: metal layer stage part=decode layer=29 pos=8194 tokens=1 router=0.028 ms
ds4: metal layer stage part=decode layer=29 pos=8194 tokens=1 routed_moe=0.348 ms
ds4: metal layer stage part=decode layer=29 pos=8194 tokens=1 shared_gate_up=0.092 ms
ds4: metal layer stage part=decode layer=29 pos=8194 tokens=1 shared_down=0.049 ms
ds4: metal layer stage part=decode layer=29 pos=8194 tokens=1 ffn_hc_post=0.001 ms
ds4: metal layer stage part=decode layer=30 pos=8194 tokens=1 attn_hc_pre=0.029 ms
ds4: metal layer stage part=decode layer=30 pos=8194 tokens=1 attn_norm=0.002 ms
ds4: metal layer stage part=decode layer=30 pos=8194 tokens=1 q_path=0.214 ms
ds4: metal layer stage part=decode layer=30 pos=8194 tokens=1 kv_path=0.014 ms
ds4: metal layer stage part=decode layer=30 pos=8194 tokens=1 compressor_indexer=0.267 ms
ds4: metal layer stage part=decode layer=30 pos=8194 tokens=1 attention=0.187 ms
ds4: metal layer stage part=decode layer=30 pos=8194 tokens=1 attn_output=0.318 ms
ds4: metal layer stage part=decode layer=30 pos=8194 tokens=1 attn_hc_post=0.001 ms
ds4: metal layer stage part=decode layer=30 pos=8194 tokens=1 ffn_hc_pre=0.023 ms
ds4: metal layer stage part=decode layer=30 pos=8194 tokens=1 ffn_norm=0.001 ms
ds4: metal layer stage part=decode layer=30 pos=8194 tokens=1 router=0.028 ms
ds4: metal layer stage part=decode layer=30 pos=8194 tokens=1 routed_moe=0.350 ms
ds4: metal layer stage part=decode layer=30 pos=8194 tokens=1 shared_gate_up=0.090 ms
ds4: metal layer stage part=decode layer=30 pos=8194 tokens=1 shared_down=0.051 ms
ds4: metal layer stage part=decode layer=30 pos=8194 tokens=1 ffn_hc_post=0.001 ms
ds4: metal layer stage part=decode layer=31 pos=8194 tokens=1 attn_hc_pre=0.028 ms
ds4: metal layer stage part=decode layer=31 pos=8194 tokens=1 attn_norm=0.001 ms
ds4: metal layer stage part=decode layer=31 pos=8194 tokens=1 q_path=0.206 ms
ds4: metal layer stage part=decode layer=31 pos=8194 tokens=1 kv_path=0.014 ms
ds4: metal layer stage part=decode layer=31 pos=8194 tokens=1 compressor_indexer=0.051 ms
ds4: metal layer stage part=decode layer=31 pos=8194 tokens=1 attention=0.106 ms
ds4: metal layer stage part=decode layer=31 pos=8194 tokens=1 attn_output=0.318 ms
ds4: metal layer stage part=decode layer=31 pos=8194 tokens=1 attn_hc_post=0.002 ms
ds4: metal layer stage part=decode layer=31 pos=8194 tokens=1 ffn_hc_pre=0.026 ms
ds4: metal layer stage part=decode layer=31 pos=8194 tokens=1 ffn_norm=0.001 ms
ds4: metal layer stage part=decode layer=31 pos=8194 tokens=1 router=0.027 ms
ds4: metal layer stage part=decode layer=31 pos=8194 tokens=1 routed_moe=0.356 ms
ds4: metal layer stage part=decode layer=31 pos=8194 tokens=1 shared_gate_up=0.092 ms
ds4: metal layer stage part=decode layer=31 pos=8194 tokens=1 shared_down=0.050 ms
ds4: metal layer stage part=decode layer=31 pos=8194 tokens=1 ffn_hc_post=0.001 ms
ds4: metal layer stage part=decode layer=32 pos=8194 tokens=1 attn_hc_pre=0.029 ms
ds4: metal layer stage part=decode layer=32 pos=8194 tokens=1 attn_norm=0.001 ms
ds4: metal layer stage part=decode layer=32 pos=8194 tokens=1 q_path=0.211 ms
ds4: metal layer stage part=decode layer=32 pos=8194 tokens=1 kv_path=0.014 ms
ds4: metal layer stage part=decode layer=32 pos=8194 tokens=1 compressor_indexer=0.277 ms
ds4: metal layer stage part=decode layer=32 pos=8194 tokens=1 attention=0.178 ms
ds4: metal layer stage part=decode layer=32 pos=8194 tokens=1 attn_output=0.314 ms
ds4: metal layer stage part=decode layer=32 pos=8194 tokens=1 attn_hc_post=0.001 ms
ds4: metal layer stage part=decode layer=32 pos=8194 tokens=1 ffn_hc_pre=0.023 ms
ds4: metal layer stage part=decode layer=32 pos=8194 tokens=1 ffn_norm=0.001 ms
ds4: metal layer stage part=decode layer=32 pos=8194 tokens=1 router=0.028 ms
ds4: metal layer stage part=decode layer=32 pos=8194 tokens=1 routed_moe=0.354 ms
ds4: metal layer stage part=decode layer=32 pos=8194 tokens=1 shared_gate_up=0.088 ms
ds4: metal layer stage part=decode layer=32 pos=8194 tokens=1 shared_down=0.052 ms
ds4: metal layer stage part=decode layer=32 pos=8194 tokens=1 ffn_hc_post=0.001 ms
ds4: metal layer stage part=decode layer=33 pos=8194 tokens=1 attn_hc_pre=0.028 ms
ds4: metal layer stage part=decode layer=33 pos=8194 tokens=1 attn_norm=0.001 ms
ds4: metal layer stage part=decode layer=33 pos=8194 tokens=1 q_path=0.200 ms
ds4: metal layer stage part=decode layer=33 pos=8194 tokens=1 kv_path=0.013 ms
ds4: metal layer stage part=decode layer=33 pos=8194 tokens=1 compressor_indexer=0.049 ms
ds4: metal layer stage part=decode layer=33 pos=8194 tokens=1 attention=0.106 ms
ds4: metal layer stage part=decode layer=33 pos=8194 tokens=1 attn_output=0.314 ms
ds4: metal layer stage part=decode layer=33 pos=8194 tokens=1 attn_hc_post=0.001 ms
ds4: metal layer stage part=decode layer=33 pos=8194 tokens=1 ffn_hc_pre=0.026 ms
ds4: metal layer stage part=decode layer=33 pos=8194 tokens=1 ffn_norm=0.002 ms
ds4: metal layer stage part=decode layer=33 pos=8194 tokens=1 router=0.024 ms
ds4: metal layer stage part=decode layer=33 pos=8194 tokens=1 routed_moe=0.350 ms
ds4: metal layer stage part=decode layer=33 pos=8194 tokens=1 shared_gate_up=0.091 ms
ds4: metal layer stage part=decode layer=33 pos=8194 tokens=1 shared_down=0.051 ms
ds4: metal layer stage part=decode layer=33 pos=8194 tokens=1 ffn_hc_post=0.001 ms
ds4: metal layer stage part=decode layer=34 pos=8194 tokens=1 attn_hc_pre=0.026 ms
ds4: metal layer stage part=decode layer=34 pos=8194 tokens=1 attn_norm=0.001 ms
ds4: metal layer stage part=decode layer=34 pos=8194 tokens=1 q_path=0.204 ms
ds4: metal layer stage part=decode layer=34 pos=8194 tokens=1 kv_path=0.014 ms
ds4: metal layer stage part=decode layer=34 pos=8194 tokens=1 compressor_indexer=0.263 ms
ds4: metal layer stage part=decode layer=34 pos=8194 tokens=1 attention=0.187 ms
ds4: metal layer stage part=decode layer=34 pos=8194 tokens=1 attn_output=0.315 ms
ds4: metal layer stage part=decode layer=34 pos=8194 tokens=1 attn_hc_post=0.001 ms
ds4: metal layer stage part=decode layer=34 pos=8194 tokens=1 ffn_hc_pre=0.023 ms
ds4: metal layer stage part=decode layer=34 pos=8194 tokens=1 ffn_norm=0.001 ms
ds4: metal layer stage part=decode layer=34 pos=8194 tokens=1 router=0.024 ms
ds4: metal layer stage part=decode layer=34 pos=8194 tokens=1 routed_moe=0.354 ms
ds4: metal layer stage part=decode layer=34 pos=8194 tokens=1 shared_gate_up=0.088 ms
ds4: metal layer stage part=decode layer=34 pos=8194 tokens=1 shared_down=0.052 ms
ds4: metal layer stage part=decode layer=34 pos=8194 tokens=1 ffn_hc_post=0.001 ms
ds4: metal layer stage part=decode layer=35 pos=8194 tokens=1 attn_hc_pre=0.026 ms
ds4: metal layer stage part=decode layer=35 pos=8194 tokens=1 attn_norm=0.001 ms
ds4: metal layer stage part=decode layer=35 pos=8194 tokens=1 q_path=0.207 ms
ds4: metal layer stage part=decode layer=35 pos=8194 tokens=1 kv_path=0.014 ms
ds4: metal layer stage part=decode layer=35 pos=8194 tokens=1 compressor_indexer=0.051 ms
ds4: metal layer stage part=decode layer=35 pos=8194 tokens=1 attention=0.107 ms
ds4: metal layer stage part=decode layer=35 pos=8194 tokens=1 attn_output=0.316 ms
ds4: metal layer stage part=decode layer=35 pos=8194 tokens=1 attn_hc_post=0.001 ms
ds4: metal layer stage part=decode layer=35 pos=8194 tokens=1 ffn_hc_pre=0.024 ms
ds4: metal layer stage part=decode layer=35 pos=8194 tokens=1 ffn_norm=0.001 ms
ds4: metal layer stage part=decode layer=35 pos=8194 tokens=1 router=0.031 ms
ds4: metal layer stage part=decode layer=35 pos=8194 tokens=1 routed_moe=0.353 ms
ds4: metal layer stage part=decode layer=35 pos=8194 tokens=1 shared_gate_up=0.090 ms
ds4: metal layer stage part=decode layer=35 pos=8194 tokens=1 shared_down=0.053 ms
ds4: metal layer stage part=decode layer=35 pos=8194 tokens=1 ffn_hc_post=0.001 ms
ds4: metal layer stage part=decode layer=36 pos=8194 tokens=1 attn_hc_pre=0.029 ms
ds4: metal layer stage part=decode layer=36 pos=8194 tokens=1 attn_norm=0.001 ms
ds4: metal layer stage part=decode layer=36 pos=8194 tokens=1 q_path=0.207 ms
ds4: metal layer stage part=decode layer=36 pos=8194 tokens=1 kv_path=0.014 ms
ds4: metal layer stage part=decode layer=36 pos=8194 tokens=1 compressor_indexer=0.266 ms
ds4: metal layer stage part=decode layer=36 pos=8194 tokens=1 attention=0.190 ms
ds4: metal layer stage part=decode layer=36 pos=8194 tokens=1 attn_output=0.313 ms
ds4: metal layer stage part=decode layer=36 pos=8194 tokens=1 attn_hc_post=0.001 ms
ds4: metal layer stage part=decode layer=36 pos=8194 tokens=1 ffn_hc_pre=0.023 ms
ds4: metal layer stage part=decode layer=36 pos=8194 tokens=1 ffn_norm=0.001 ms
ds4: metal layer stage part=decode layer=36 pos=8194 tokens=1 router=0.030 ms
ds4: metal layer stage part=decode layer=36 pos=8194 tokens=1 routed_moe=0.362 ms
ds4: metal layer stage part=decode layer=36 pos=8194 tokens=1 shared_gate_up=0.094 ms
ds4: metal layer stage part=decode layer=36 pos=8194 tokens=1 shared_down=0.054 ms
ds4: metal layer stage part=decode layer=36 pos=8194 tokens=1 ffn_hc_post=0.001 ms
ds4: metal layer stage part=decode layer=37 pos=8194 tokens=1 attn_hc_pre=0.028 ms
ds4: metal layer stage part=decode layer=37 pos=8194 tokens=1 attn_norm=0.001 ms
ds4: metal layer stage part=decode layer=37 pos=8194 tokens=1 q_path=0.220 ms
ds4: metal layer stage part=decode layer=37 pos=8194 tokens=1 kv_path=0.014 ms
ds4: metal layer stage part=decode layer=37 pos=8194 tokens=1 compressor_indexer=0.047 ms
ds4: metal layer stage part=decode layer=37 pos=8194 tokens=1 attention=0.107 ms
ds4: metal layer stage part=decode layer=37 pos=8194 tokens=1 attn_output=0.316 ms
ds4: metal layer stage part=decode layer=37 pos=8194 tokens=1 attn_hc_post=0.001 ms
ds4: metal layer stage part=decode layer=37 pos=8194 tokens=1 ffn_hc_pre=0.025 ms
ds4: metal layer stage part=decode layer=37 pos=8194 tokens=1 ffn_norm=0.001 ms
ds4: metal layer stage part=decode layer=37 pos=8194 tokens=1 router=0.028 ms
ds4: metal layer stage part=decode layer=37 pos=8194 tokens=1 routed_moe=0.354 ms
ds4: metal layer stage part=decode layer=37 pos=8194 tokens=1 shared_gate_up=0.090 ms
ds4: metal layer stage part=decode layer=37 pos=8194 tokens=1 shared_down=0.054 ms
ds4: metal layer stage part=decode layer=37 pos=8194 tokens=1 ffn_hc_post=0.001 ms
ds4: metal layer stage part=decode layer=38 pos=8194 tokens=1 attn_hc_pre=0.030 ms
ds4: metal layer stage part=decode layer=38 pos=8194 tokens=1 attn_norm=0.001 ms
ds4: metal layer stage part=decode layer=38 pos=8194 tokens=1 q_path=0.225 ms
ds4: metal layer stage part=decode layer=38 pos=8194 tokens=1 kv_path=0.014 ms
ds4: metal layer stage part=decode layer=38 pos=8194 tokens=1 compressor_indexer=0.285 ms
ds4: metal layer stage part=decode layer=38 pos=8194 tokens=1 attention=0.188 ms
ds4: metal layer stage part=decode layer=38 pos=8194 tokens=1 attn_output=0.321 ms
ds4: metal layer stage part=decode layer=38 pos=8194 tokens=1 attn_hc_post=0.002 ms
ds4: metal layer stage part=decode layer=38 pos=8194 tokens=1 ffn_hc_pre=0.027 ms
ds4: metal layer stage part=decode layer=38 pos=8194 tokens=1 ffn_norm=0.001 ms
ds4: metal layer stage part=decode layer=38 pos=8194 tokens=1 router=0.027 ms
ds4: metal layer stage part=decode layer=38 pos=8194 tokens=1 routed_moe=0.354 ms
ds4: metal layer stage part=decode layer=38 pos=8194 tokens=1 shared_gate_up=0.091 ms
ds4: metal layer stage part=decode layer=38 pos=8194 tokens=1 shared_down=0.056 ms
ds4: metal layer stage part=decode layer=38 pos=8194 tokens=1 ffn_hc_post=0.001 ms
ds4: metal layer stage part=decode layer=39 pos=8194 tokens=1 attn_hc_pre=0.026 ms
ds4: metal layer stage part=decode layer=39 pos=8194 tokens=1 attn_norm=0.001 ms
ds4: metal layer stage part=decode layer=39 pos=8194 tokens=1 q_path=0.207 ms
ds4: metal layer stage part=decode layer=39 pos=8194 tokens=1 kv_path=0.014 ms
ds4: metal layer stage part=decode layer=39 pos=8194 tokens=1 compressor_indexer=0.050 ms
ds4: metal layer stage part=decode layer=39 pos=8194 tokens=1 attention=0.107 ms
ds4: metal layer stage part=decode layer=39 pos=8194 tokens=1 attn_output=0.325 ms
ds4: metal layer stage part=decode layer=39 pos=8194 tokens=1 attn_hc_post=0.001 ms
ds4: metal layer stage part=decode layer=39 pos=8194 tokens=1 ffn_hc_pre=0.023 ms
ds4: metal layer stage part=decode layer=39 pos=8194 tokens=1 ffn_norm=0.001 ms
ds4: metal layer stage part=decode layer=39 pos=8194 tokens=1 router=0.031 ms
ds4: metal layer stage part=decode layer=39 pos=8194 tokens=1 routed_moe=0.351 ms
ds4: metal layer stage part=decode layer=39 pos=8194 tokens=1 shared_gate_up=0.088 ms
ds4: metal layer stage part=decode layer=39 pos=8194 tokens=1 shared_down=0.050 ms
ds4: metal layer stage part=decode layer=39 pos=8194 tokens=1 ffn_hc_post=0.001 ms
ds4: metal layer stage part=decode layer=40 pos=8194 tokens=1 attn_hc_pre=0.022 ms
ds4: metal layer stage part=decode layer=40 pos=8194 tokens=1 attn_norm=0.002 ms
ds4: metal layer stage part=decode layer=40 pos=8194 tokens=1 q_path=0.211 ms
ds4: metal layer stage part=decode layer=40 pos=8194 tokens=1 kv_path=0.014 ms
ds4: metal layer stage part=decode layer=40 pos=8194 tokens=1 compressor_indexer=0.272 ms
ds4: metal layer stage part=decode layer=40 pos=8194 tokens=1 attention=0.190 ms
ds4: metal layer stage part=decode layer=40 pos=8194 tokens=1 attn_output=0.314 ms
ds4: metal layer stage part=decode layer=40 pos=8194 tokens=1 attn_hc_post=0.002 ms
ds4: metal layer stage part=decode layer=40 pos=8194 tokens=1 ffn_hc_pre=0.024 ms
ds4: metal layer stage part=decode layer=40 pos=8194 tokens=1 ffn_norm=0.001 ms
ds4: metal layer stage part=decode layer=40 pos=8194 tokens=1 router=0.028 ms
ds4: metal layer stage part=decode layer=40 pos=8194 tokens=1 routed_moe=0.360 ms
ds4: metal layer stage part=decode layer=40 pos=8194 tokens=1 shared_gate_up=0.089 ms
ds4: metal layer stage part=decode layer=40 pos=8194 tokens=1 shared_down=0.052 ms
ds4: metal layer stage part=decode layer=40 pos=8194 tokens=1 ffn_hc_post=0.001 ms
ds4: metal layer stage part=decode layer=41 pos=8194 tokens=1 attn_hc_pre=0.022 ms
ds4: metal layer stage part=decode layer=41 pos=8194 tokens=1 attn_norm=0.001 ms
ds4: metal layer stage part=decode layer=41 pos=8194 tokens=1 q_path=0.206 ms
ds4: metal layer stage part=decode layer=41 pos=8194 tokens=1 kv_path=0.014 ms
ds4: metal layer stage part=decode layer=41 pos=8194 tokens=1 compressor_indexer=0.049 ms
ds4: metal layer stage part=decode layer=41 pos=8194 tokens=1 attention=0.107 ms
ds4: metal layer stage part=decode layer=41 pos=8194 tokens=1 attn_output=0.321 ms
ds4: metal layer stage part=decode layer=41 pos=8194 tokens=1 attn_hc_post=0.001 ms
ds4: metal layer stage part=decode layer=41 pos=8194 tokens=1 ffn_hc_pre=0.023 ms
ds4: metal layer stage part=decode layer=41 pos=8194 tokens=1 ffn_norm=0.001 ms
ds4: metal layer stage part=decode layer=41 pos=8194 tokens=1 router=0.027 ms
ds4: metal layer stage part=decode layer=41 pos=8194 tokens=1 routed_moe=0.353 ms
ds4: metal layer stage part=decode layer=41 pos=8194 tokens=1 shared_gate_up=0.089 ms
ds4: metal layer stage part=decode layer=41 pos=8194 tokens=1 shared_down=0.054 ms
ds4: metal layer stage part=decode layer=41 pos=8194 tokens=1 ffn_hc_post=0.001 ms
ds4: metal layer stage part=decode layer=42 pos=8194 tokens=1 attn_hc_pre=0.022 ms
ds4: metal layer stage part=decode layer=42 pos=8194 tokens=1 attn_norm=0.002 ms
ds4: metal layer stage part=decode layer=42 pos=8194 tokens=1 q_path=0.203 ms
ds4: metal layer stage part=decode layer=42 pos=8194 tokens=1 kv_path=0.014 ms
ds4: metal layer stage part=decode layer=42 pos=8194 tokens=1 compressor_indexer=0.260 ms
ds4: metal layer stage part=decode layer=42 pos=8194 tokens=1 attention=0.191 ms
ds4: metal layer stage part=decode layer=42 pos=8194 tokens=1 attn_output=0.321 ms
ds4: metal layer stage part=decode layer=42 pos=8194 tokens=1 attn_hc_post=0.001 ms
ds4: metal layer stage part=decode layer=42 pos=8194 tokens=1 ffn_hc_pre=0.024 ms
ds4: metal layer stage part=decode layer=42 pos=8194 tokens=1 ffn_norm=0.002 ms
ds4: metal layer stage part=decode layer=42 pos=8194 tokens=1 router=0.024 ms
ds4: metal layer stage part=decode layer=42 pos=8194 tokens=1 routed_moe=0.356 ms
ds4: metal layer stage part=decode layer=42 pos=8194 tokens=1 shared_gate_up=0.085 ms
ds4: metal layer stage part=decode layer=42 pos=8194 tokens=1 shared_down=0.049 ms
ds4: metal layer stage part=decode layer=42 pos=8194 tokens=1 ffn_hc_post=0.001 ms
